"","fragment.ID.full","Intercept","umol.L.sec","Temp.C"
"1","BLANK1_D_20_O2",232.18627513876,0.000104602220166577,20.05398
"2","BLANK2_D_20_O2",211.36363855615,0.000495133689839595,20.14968
"3","PV11_D_20_O2",207.97401705074,-0.00937018675123325,20.05572
"4","PV21_D_20_O2",179.54408513299,-0.0123154633204633,20.08838
"5","PV29_D_20_O2",211.664957857143,-0.00801813588850178,20.18218
"6","PV3_D_20_O2",215.225020013131,-0.0176313491629283,20.00136
"7","PV30_D_20_O2",213.437056229839,-0.0101719556451612,19.8988
"8","PV32_D_20_O2",211.00582506006,-0.0109839189189188,19.90368
"9","PV6_D_20_O2",205.247583228228,-0.0131225675675676,19.96544
"10","PV8_D_20_O2",174.470534975369,-0.011456157635468,20.14974
"11","BLANK1_D_22_O2",231.687677074217,-0.000159227799227566,22.1267959183673
"12","BLANK2_D_22_O2",207.006561680672,0.000427114845938337,22.2729795918367
"13","PV11_D_22_O2",202.208186466235,-0.00938609620721558,22.0115918367347
"14","PV21_D_22_O2",175.390664165481,-0.0129270862968231,22.0558979591837
"15","PV29_D_22_O2",207.84752717759,-0.0109870084566597,22.1608163265306
"16","PV3_D_22_O2",205.985473391725,-0.0144320144971308,22.1704081632653
"17","PV30_D_22_O2",209.843693628285,-0.0084790049428734,22.0276734693878
"18","PV32_D_22_O2",210.399057987805,-0.0115653048780488,21.8595306122449
"19","PV6_D_22_O2",205.496995769231,-0.0116111538461538,21.8133673469388
"20","PV8_D_22_O2",177.076042340426,-0.0103959636139377,22.0772040816327
"21","BLANK1_D_24_O2",225.167193204225,-0.000138886638036008,24.1788163265306
"22","BLANK2_D_24_O2",201.843213501742,0.000326567944250914,24.1746530612245
"23","PV11_D_24_O2",200.168330397727,-0.0112127291055718,24.1790612244898
"24","PV21_D_24_O2",175.207064048892,-0.0147926967150497,24.2922448979592
"25","PV29_D_24_O2",203.246762394998,-0.0124661737298437,24.1457551020408
"26","PV3_D_24_O2",203.583859649123,-0.016574898785425,24.1471020408163
"27","PV30_D_24_O2",204.554933326581,-0.0102308443400048,24.1633469387755
"28","PV32_D_24_O2",202.714762016807,-0.0138678991596639,24.0197959183673
"29","PV6_D_24_O2",202.584326065372,-0.0132227042861549,24.0782653061225
"30","PV8_D_24_O2",171.802675134041,-0.0115521446547762,24.1648775510204
"31","BLANK1_D_28_O2",210.673918963415,-0.000483597560975647,27.9206734693878
"32","BLANK2_D_28_O2",186.568212787456,-9.01393728222618e-05,28.1960204081633
"33","PV11_D_28_O2",184.25182608885,-0.0153757404181185,28.1515510204082
"34","PV21_D_28_O2",158.1589970964,-0.0175487804878049,28.1482448979592
"35","PV29_D_28_O2",195.458347342375,-0.0106263013196481,28.2459795918367
"36","PV3_D_28_O2",180.663245443373,-0.0217072644032089,28.0580204081633
"37","PV30_D_28_O2",186.550535070472,-0.0142199189570119,28.124693877551
"38","PV32_D_28_O2",190.023387535014,-0.0153102240896358,27.91
"39","PV6_D_28_O2",182.968805933673,-0.0157496071428571,27.7887755102041
"40","PV8_D_28_O2",155.929742917438,-0.0137527462997225,28.1324897959184
"41","BLANK1_D_30_O2",200.194782641129,-0.000666108870967685,30.0309387755102
"42","BLANK2_D_30_O2",177.870841028226,0.000100504032258045,30.1232653061224
"43","PV11_D_30_O2",173.085442619048,-0.0162045238095237,30.0843265306122
"44","PV21_D_30_O2",147.200090145315,-0.0191577789482214,30.0248775510204
"45","PV29_D_30_O2",177.107782195208,-0.016527015503876,30.0482448979592
"46","PV3_D_30_O2",171.199835367746,-0.0238008198380567,30.0826326530612
"47","PV30_D_30_O2",177.560711184669,-0.0163237282229965,30.064306122449
"48","PV32_D_30_O2",179.414063083624,-0.0169428745644599,29.797
"49","PV6_D_30_O2",174.32152503003,-0.0184904954954955,29.8416326530612
"50","PV8_D_30_O2",149.439431450535,-0.0153585895721926,29.9758163265306
"51","BLANK1_D_32_O2",189.781531978335,-0.000973273881168693,31.883
"52","BLANK2_D_32_O2",169.010453323212,-0.000600759109311744,31.8619183673469
"53","PV11_D_32_O2",164.956821576655,-0.0178606010452962,31.9288163265306
"54","PV21_D_32_O2",136.7508196567,-0.0211541244631716,31.9399183673469
"55","PV29_D_32_O2",163.68053050662,-0.0177450815187657,31.899612244898
"56","PV3_D_32_O2",160.767748409344,-0.0248084760845384,31.8390816326531
"57","PV30_D_32_O2",163.024454966809,-0.016960182550972,31.917612244898
"58","PV32_D_32_O2",167.975649940675,-0.0188476418242491,31.7595510204082
"59","PV6_D_32_O2",166.143555199485,-0.0211261132561133,31.7681428571429
"60","PV8_D_32_O2",137.825235940803,-0.017820658411356,31.9535510204082
"61","BLANK1_D_34_O2",178.983189855623,-0.00201128419452886,34.0632857142857
"62","BLANK2_D_34_O2",159.645815080214,-0.00111775401069513,33.945693877551
"63","PV11_D_34_O2",150.352572378049,-0.0218026916376307,33.8838367346939
"64","PV21_D_34_O2",124.858534030504,-0.0258517592872244,33.817387755102
"65","PV29_D_34_O2",157.260904912118,-0.0216324483502929,33.9454285714286
"66","PV3_D_34_O2",153.225163431994,-0.0301755532064834,33.853387755102
"67","PV30_D_34_O2",157.639123404255,-0.0197404255319149,33.922693877551
"68","PV32_D_34_O2",159.239035799859,-0.0215661028893587,33.7732040816326
"69","PV6_D_34_O2",154.382152930036,-0.024144685828877,33.6728367346939
"70","PV8_D_34_O2",132.723002926829,-0.0213687804878049,33.9307551020408
"71","BLANK1_D_36_O2",170.149993972126,-0.00283299651567952,35.965387755102
"72","BLANK2_D_36_O2",151.179415909091,-0.00174747067448679,35.7732040816327
"73","PV11_D_36_O2",145.596283305448,-0.0183625418275418,35.9318775510204
"74","PV21_D_36_O2",125.752488536585,-0.0236690243902439,36.0610204081633
"75","PV29_D_36_O2",146.474649595142,-0.0208196356275303,35.9297755102041
"76","PV3_D_36_O2",140.213518963585,-0.027413081232493,35.7964285714286
"77","PV30_D_36_O2",148.208306238192,-0.0192850506072875,35.9397959183673
"78","PV32_D_36_O2",148.776930670732,-0.0217352003484321,35.676612244898
"79","PV6_D_36_O2",146.96274692389,-0.0235014693446089,35.7440816326531
"80","PV8_D_36_O2",126.194064298246,-0.0215284008097165,35.9214285714286
"81","BLANK1_D_37_O2",162.069708890013,-0.0035101720647773,36.890693877551
"82","BLANK2_D_37_O2",144.492052556448,-0.00267500542770302,36.8187346938776
"83","PV11_D_37_O2",139.31893365094,-0.0166120968239284,36.7851020408163
"84","PV21_D_37_O2",114.220652730769,-0.021359653846154,36.8616734693878
"85","PV29_D_37_O2",140.59815022409,-0.0203737535014005,36.8572040816327
"86","PV3_D_37_O2",141.341717612943,-0.0246046703296702,36.8717142857143
"87","PV30_D_37_O2",141.545892817139,-0.0186855971659919,36.9401224489796
"88","PV32_D_37_O2",143.200597466422,-0.0208532661782661,36.6340612244898
"89","PV6_D_37_O2",143.416718991936,-0.0213036693548387,36.7548775510204
"90","PV8_D_37_O2",110.979649630542,-0.0201061165845649,36.6736326530612
"91","BLANK1_D_38_O2",153.401108605974,-0.00432624466571829,38.0453265306122
"92","BLANK2_D_38_O2",136.794865720721,-0.00327061132561138,38.0680612244898
"93","PV11_D_38_O2",127.17621471257,-0.0169971235521235,38.0915918367347
"94","PV21_D_38_O2",106.842900866935,-0.0194819153225806,38.0779795918367
"95","PV29_D_38_O2",131.798208201058,-0.0173246031746031,38.0641836734694
"96","PV3_D_38_O2",132.936700852273,-0.0223265854105572,38.1017551020408
"97","PV30_D_38_O2",134.37211250573,-0.017659640947288,38.2048163265306
"98","PV32_D_38_O2",134.613608074866,-0.0180999006875477,37.9142448979592
"99","PV6_D_38_O2",135.224345607553,-0.0182807471264367,37.9127142857143
"100","PV8_D_38_O2",114.475944312611,-0.0178255514705883,38.2564081632653
"101","BLANK1_D_39_O2",155.761290508021,-0.00322098930481285,39.0345918367347
"102","BLANK2_D_39_O2",129.676738268446,-0.00293367074527256,38.8703469387755
"103","PV11_D_39_O2",114.994030846154,-0.0167662307692308,39.0563673469388
"104","PV21_D_39_O2",95.9505608577469,-0.0184068257324071,38.9345306122449
"105","PV29_D_39_O2",122.633567762097,-0.0162778427419354,39.0065102040816
"106","PV3_D_39_O2",118.435871363636,-0.0209592424242424,38.9307142857143
"107","PV30_D_39_O2",119.808216190476,-0.0176923809523809,38.9984285714286
"108","PV32_D_39_O2",121.114074165103,-0.0172509005628518,38.7342244897959
"109","PV6_D_39_O2",121.093613452991,-0.0188001196581197,38.7416530612245
"110","PV8_D_39_O2",103.4354371237,-0.0166544198139025,39.0943469387755
"111","BLANK3_D_20_O2",211.349053073788,0.000229079794079759,20.1273673469388
"112","BLANK4_D_20_O2",213.268447203207,0.000243576934936747,20.0898775510204
"113","PV1_D_20_O2",222.554077797534,-0.0110251659554291,20.071
"114","PV13_D_20_O2",217.204239492754,-0.0104061594202899,20.0547142857143
"115","PV17_D_20_O2",174.173489603263,-0.0143617575083425,20.0495510204082
"116","PV19_D_20_O2",189.100096153846,-0.0093269230769232,20.1027551020408
"117","PV2_D_20_O2",203.731665685484,-0.0203616532258064,20.0409795918367
"118","PV23_D_20_O2",207.600630272045,-0.0107809287054408,19.8510612244898
"119","PV25_D_20_O2",217.680874742026,-0.01676611163227,20.3396734693878
"120","PV7_D_20_O2",215.512057653277,-0.00636829457364341,19.8533469387755
"121","BLANK3_D_22_O2",207.393212836001,-0.000375022651766841,21.8725102040816
"122","BLANK4_D_22_O2",209.612850695187,-0.000446417112299375,21.7724285714286
"123","PV1_D_22_O2",224.188651975799,-0.0124512357183372,21.8827551020408
"124","PV13_D_22_O2",217.900726329901,-0.0113256435006436,21.8926326530612
"125","PV17_D_22_O2",176.731283232119,-0.0141098178137651,21.8092040816327
"126","PV19_D_22_O2",186.580064789916,-0.00951577030812324,21.897306122449
"127","PV2_D_22_O2",200.204455426357,-0.0215110404343247,21.7693469387755
"128","PV23_D_22_O2",209.916790511638,-0.0133624044795784,21.7409795918367
"129","PV25_D_22_O2",214.82463176674,-0.0187458309699376,21.9585714285714
"130","PV7_D_22_O2",215.814510199485,-0.0082972007722006,21.6704897959184
"131","BLANK3_D_24_O2",201.5152626417,-0.00115191295546549,23.9842653061224
"132","BLANK4_D_24_O2",204.10360386726,-0.00130368186874298,23.8065306122449
"133","PV1_D_24_O2",217.313763055042,-0.014462176225717,23.9300204081633
"134","PV13_D_24_O2",209.11632410148,-0.0129562367864694,23.9142857142857
"135","PV17_D_24_O2",171.821916163227,-0.0163249812382739,23.8946326530612
"136","PV19_D_24_O2",181.274861367521,-0.0118305982905984,24.0180816326531
"137","PV2_D_24_O2",193.961646722689,-0.024299943977591,23.8748163265306
"138","PV23_D_24_O2",202.280912458472,-0.0163794384571753,23.7541836734694
"139","PV25_D_24_O2",206.161791616162,-0.0198057575757576,23.9768367346939
"140","PV7_D_24_O2",209.017722769905,-0.00984436234817803,23.7412857142857
"141","BLANK3_D_28_O2",184.960388097252,-0.00217562367864694,28.2439387755102
"142","BLANK4_D_28_O2",187.446407218363,-0.00239815765629716,28.1445510204082
"143","PV1_D_28_O2",196.083299261134,-0.0174352935222672,28.1642448979592
"144","PV13_D_28_O2",188.542628717949,-0.0168082051282051,28.1490816326531
"145","PV17_D_28_O2",151.162136034483,-0.0221626354679802,28.0672857142857
"146","PV19_D_28_O2",161.437155680113,-0.0152288508442776,28.1618571428571
"147","PV2_D_28_O2",174.604776315789,-0.0318521811284969,28.137387755102
"148","PV23_D_28_O2",181.45993482906,-0.0212938034188035,28.0591428571429
"149","PV25_D_28_O2",186.886652245989,-0.0238308556149732,28.2702040816327
"150","PV7_D_28_O2",190.941952189331,-0.0128411810052421,27.9887959183673
"151","BLANK3_D_30_O2",175.767840817418,-0.00274883880825059,30.0918571428571
"152","BLANK4_D_30_O2",176.841633850579,-0.00274875212705619,30.0939183673469
"153","PV1_D_30_O2",188.758752688868,-0.0176223157570151,30.0987346938775
"154","PV13_D_30_O2",176.734835148084,-0.0180302700348433,29.9944693877551
"155","PV17_D_30_O2",144.116312784575,-0.0229081868743048,30.0380816326531
"156","PV19_D_30_O2",152.156591890244,-0.0159964198606272,30.1620612244898
"157","PV2_D_30_O2",159.307380418719,-0.0344247536945812,29.9840408163265
"158","PV23_D_30_O2",173.610583522727,-0.0248562500000001,29.9365918367347
"159","PV25_D_30_O2",174.887961472809,-0.0235717146296094,30.1279795918367
"160","PV7_D_30_O2",180.914243598167,-0.0133609396485867,29.8851632653061
"161","BLANK3_D_32_O2",166.510004164404,-0.00269595927601808,31.8565740740741
"162","BLANK4_D_32_O2",168.484438809744,-0.00289116867098369,31.7525471698113
"163","PV1_D_32_O2",178.222977061311,-0.020551812141347,31.897641509434
"164","PV13_D_32_O2",169.249098652868,-0.0187884077243294,31.8545
"165","PV17_D_32_O2",141.108849162562,-0.0234728078817735,31.8675740740741
"166","PV19_D_32_O2",145.141998950468,-0.0177244110540622,31.9411481481481
"167","PV2_D_32_O2",156.348325675676,-0.0389729018492176,31.8688333333333
"168","PV23_D_32_O2",164.334691557198,-0.0261373700054733,31.7065471698113
"169","PV25_D_32_O2",168.830190327243,-0.0272412060592045,31.9034074074074
"170","PV7_D_32_O2",173.934851126126,-0.0154044689426268,31.7185185185185
"171","BLANK3_D_34_O2",158.01747986792,-0.00238911352402565,33.7178979591837
"172","BLANK4_D_34_O2",159.056832379872,-0.00249350944007783,33.6752040816326
"173","PV1_D_34_O2",159.899311016043,-0.021624385026738,33.728
"174","PV13_D_34_O2",157.479545125287,-0.0216318962687384,33.7516530612245
"175","PV17_D_34_O2",114.530999694727,-0.026247613320999,33.5861224489796
"176","PV19_D_34_O2",135.596821757632,-0.0196619056429232,33.9858979591837
"177","PV2_D_34_O2",152.33968548718,-0.0397162564102565,33.9690204081633
"178","PV23_D_34_O2",145.786279527591,-0.0253543999675877,33.6115510204082
"179","PV25_D_34_O2",153.995661384778,-0.030925021141649,34.0367959183673
"180","PV7_D_34_O2",156.522186947738,-0.0160594993412385,33.6326326530612
"181","BLANK3_D_36_O2",152.93642487632,-0.00197950678733028,35.7919642857143
"182","BLANK4_D_36_O2",154.650360744235,-0.00206829140461222,35.5659285714286
"183","PV1_D_36_O2",151.98711580504,-0.0214600234989061,35.5679285714286
"184","PV13_D_36_O2",154.482307823613,-0.0201409198672356,35.9297678571429
"185","PV17_D_36_O2",114.633952684938,-0.0256454211229947,35.6415714285714
"186","PV19_D_36_O2",133.104631159009,-0.0165010777084515,36.1386964285714
"187","PV2_D_36_O2",139.894789177053,-0.0366843383431085,35.8686785714286
"188","PV23_D_36_O2",147.777973897582,-0.0226666429587482,35.7790357142857
"189","PV25_D_36_O2",150.942018954481,-0.0305794096728307,36.0983392857143
"190","PV7_D_36_O2",156.887027237903,-0.015816754032258,35.9140892857143
"191","BLANK3_D_37_O2",144.332696716004,-0.00101586493987057,36.8444489795918
"192","BLANK4_D_37_O2",144.836298859861,-0.00129568861371184,36.7530408163265
"193","PV1_D_37_O2",148.706672464607,-0.0179527734877734,36.9317959183673
"194","PV13_D_37_O2",146.167351470985,-0.0183614574898786,36.9512040816327
"195","PV17_D_37_O2",114.377226794355,-0.023491310483871,36.9182857142857
"196","PV19_D_37_O2",124.078356721195,-0.0152514580369843,37.0829387755102
"197","PV2_D_37_O2",130.797382275132,-0.0296626984126984,36.8912653061224
"198","PV23_D_37_O2",138.025572031887,-0.0187105561735261,36.7914897959184
"199","PV25_D_37_O2",139.021491699507,-0.0287168226600985,37.1061428571429
"200","PV7_D_37_O2",146.101254609297,-0.0126927963698241,36.8345714285714
"201","BLANK3_D_38_O2",139.101816910009,-0.00230627171081201,38.0471020408163
"202","BLANK4_D_38_O2",139.012115505226,-0.00214337979094073,38.006612244898
"203","PV1_D_38_O2",145.699457183499,-0.017814224751067,38.2048367346939
"204","PV13_D_38_O2",139.828086650618,-0.0180769121348069,38.093306122449
"205","PV17_D_38_O2",113.146150220935,-0.0199552831402831,38.1811428571429
"206","PV19_D_38_O2",118.292398084677,-0.0162690524193548,38.1546530612245
"207","PV2_D_38_O2",131.398000050134,-0.0259519217914439,38.1833265306122
"208","PV23_D_38_O2",138.153480687165,-0.0181643505854032,37.993693877551
"209","PV25_D_38_O2",137.181279467119,-0.0263267370609476,38.2779183673469
"210","PV7_D_38_O2",143.604882277992,-0.0121888416988417,38.0258775510204
"211","BLANK3_D_39_O2",131.209399912165,-0.00232147562582346,38.9117346938776
"212","BLANK4_D_39_O2",130.537665063425,-0.00230565539112051,38.9211428571429
"213","PV1_D_39_O2",136.973571572581,-0.0170827529325513,38.9900612244898
"214","PV13_D_39_O2",131.257821965291,-0.0171709333958724,38.9277142857143
"215","PV17_D_39_O2",103.741365172414,-0.0193549388209121,38.9223469387755
"216","PV19_D_39_O2",110.745501726509,-0.0163445072574484,39.0398979591837
"217","PV2_D_39_O2",125.942146260504,-0.0241499019607843,39.0409795918367
"218","PV23_D_39_O2",131.073904069767,-0.0155668604651163,38.9093469387755
"219","PV25_D_39_O2",130.286776526611,-0.0236656022408964,39.1402653061225
"220","PV7_D_39_O2",134.49774666975,-0.0120655103299414,38.8788571428571
"221","BLANK5_D_20_O2",230.28305409997,-0.000638968589549974,20.1004897959184
"222","BLANK6_D_20_O2",223.958912807747,-0.000431901739796401,19.8396326530612
"223","PV10_D_20_O2",200.902522190612,-0.0114069701280228,20.1951020408163
"224","PV18_D_20_O2",216.050790459662,-0.0157872701688556,19.9238775510204
"225","PV20_D_20_O2",221.029798235294,-0.0119763865546219,19.980612244898
"226","PV22_D_20_O2",214.104894000938,-0.0115670778611633,20.0742040816327
"227","PV24_D_20_O2",210.138646378987,-0.0101959099437149,20.0370612244898
"228","PV4_D_20_O2",180.420299067991,-0.00837821237585942,20.1530816326531
"229","PV5_D_20_O2",208.973495209059,-0.00854050522648082,20.1988163265306
"230","PV9_D_20_O2",185.951783001422,-0.0113690611664296,20.2010408163265
"231","BLANK5_D_22_O2",226.861299979757,-0.00095139676113361,21.9781428571429
"232","BLANK6_D_22_O2",217.557279827343,-0.000855584918957003,21.8457346938775
"233","PV10_D_22_O2",196.696094934144,-0.0144104103343465,22.1609795918367
"234","PV18_D_22_O2",205.518016982164,-0.0142550826129773,21.9568571428571
"235","PV20_D_22_O2",208.694538424947,-0.012960200845666,22.0110612244898
"236","PV22_D_22_O2",217.299453712758,-0.0145090221543162,22.0162448979592
"237","PV24_D_22_O2",205.140281210802,-0.0110062979094077,21.9207551020408
"238","PV4_D_22_O2",178.270294547179,-0.00963119962067334,22.0567346938776
"239","PV5_D_22_O2",201.17479371791,-0.00830383569918459,22.0771020408163
"240","PV9_D_22_O2",183.240891660413,-0.0116360318949344,22.1126734693878
"241","BLANK5_D_24_O2",224.484569860084,-0.00152927266419999,24.21228
"242","BLANK6_D_24_O2",215.103593387755,-0.00130767346938772,24.10616
"243","PV10_D_24_O2",192.210699396486,-0.0173302597402597,24.3141
"244","PV18_D_24_O2",203.948215071712,-0.0158162385544121,24.14142
"245","PV20_D_24_O2",206.890677291143,-0.0154015436350376,24.23906
"246","PV22_D_24_O2",205.342957244607,-0.0179043345543345,24.26382
"247","PV24_D_24_O2",202.707861571295,-0.0127679502814259,24.17066
"248","PV4_D_24_O2",174.253296843854,-0.0114490637269707,24.17588
"249","PV5_D_24_O2",199.063893883357,-0.00968007440639015,24.2643
"250","PV9_D_24_O2",179.739142925898,-0.0142028189457601,24.32692
"251","BLANK5_D_28_O2",210.204481782364,-0.00180504690431518,28.0511632653061
"252","BLANK6_D_28_O2",201.638009776827,-0.00155834296947277,27.8329387755102
"253","PV10_D_28_O2",178.259317160037,-0.022750092506938,28.2759387755102
"254","PV18_D_28_O2",186.739133635084,-0.0189416088180112,28.0611836734694
"255","PV20_D_28_O2",193.748652507003,-0.0185233753501401,28.2094081632653
"256","PV22_D_28_O2",187.982560110239,-0.0202431365146482,28.2214897959184
"257","PV24_D_28_O2",188.887374682875,-0.0158968816067654,28.1428775510204
"258","PV4_D_28_O2",160.30678826458,-0.0136962778568042,28.068
"259","PV5_D_28_O2",183.717114208338,-0.0116000382974068,28.1994489795918
"260","PV9_D_28_O2",164.760994334975,-0.0174721674876847,28.2845510204082
"261","BLANK5_D_30_O2",199.413130961945,-0.00248353417899929,29.9983673469388
"262","BLANK6_D_30_O2",191.904435775059,-0.00223676363341706,29.8017551020408
"263","PV10_D_30_O2",170.941982758621,-0.0244999999999999,30.0036326530612
"264","PV18_D_30_O2",178.044728516058,-0.0221885544121222,29.8315102040816
"265","PV20_D_30_O2",181.270956261726,-0.0202447232645404,29.9669183673469
"266","PV22_D_30_O2",178.527583203777,-0.0217696772068512,30.01
"267","PV24_D_30_O2",179.608173454082,-0.0192869234693878,29.9631428571429
"268","PV4_D_30_O2",154.825733868922,-0.0156249894291755,29.9628163265306
"269","PV5_D_30_O2",174.76563810064,-0.0139238959565676,29.9580816326531
"270","PV9_D_30_O2",155.832505251304,-0.0196503437648174,30.0588571428571
"271","BLANK5_D_32_O2",189.76405149907,-0.00325699201225518,31.8815714285714
"272","BLANK6_D_32_O2",181.782668658649,-0.0029208325624422,31.7625306122449
"273","PV10_D_32_O2",157.729115651147,-0.0279958805668016,31.9251632653061
"274","PV18_D_32_O2",163.82673141045,-0.0247525520990637,31.7169795918367
"275","PV20_D_32_O2",171.269504687726,-0.0263048577941816,31.8691020408163
"276","PV22_D_32_O2",168.372591479592,-0.0247016836734694,31.9331020408163
"277","PV24_D_32_O2",169.793917070707,-0.0215251515151514,31.8686326530612
"278","PV4_D_32_O2",143.124711921388,-0.0174616798418973,31.8083469387755
"279","PV5_D_32_O2",165.17156914361,-0.0150060342555995,31.8721632653061
"280","PV9_D_32_O2",146.392242586735,-0.0203968724489796,31.9740816326531
"281","BLANK5_D_34_O2",178.690408109756,-0.00403145470383269,33.8716875
"282","BLANK6_D_34_O2",171.688278188153,-0.00370745644599302,33.6804285714286
"283","PV10_D_34_O2",145.39809301446,-0.0291288320355951,34.0326734693878
"284","PV18_D_34_O2",155.307819538462,-0.0280656923076924,33.8292448979592
"285","PV20_D_34_O2",161.297403492647,-0.0284947359625669,34.1435714285714
"286","PV22_D_34_O2",152.754067670097,-0.0277470585852038,33.9720816326531
"287","PV24_D_34_O2",156.095468876529,-0.0238339488320356,33.892306122449
"288","PV4_D_34_O2",135.167724153846,-0.0206612478632479,34.0043469387755
"289","PV5_D_34_O2",153.088949057223,-0.0181117213883677,33.9045306122449
"290","PV9_D_34_O2",135.12421935518,-0.0249781994362227,34.1022857142857
"291","BLANK5_D_36_O2",171.542792513369,-0.00341283422459897,35.6329387755102
"292","BLANK6_D_36_O2",164.503747247919,-0.00278887604070307,35.6116530612245
"293","PV10_D_36_O2",140.512814735043,-0.0271456752136753,36.2284693877551
"294","PV18_D_36_O2",146.235528037767,-0.0235534893267651,35.9717959183673
"295","PV20_D_36_O2",150.052613217338,-0.024754242979243,36.0862244897959
"296","PV22_D_36_O2",151.077638242933,-0.0281105118411,36.2595
"297","PV24_D_36_O2",147.55598984534,-0.021585286935287,35.9250816326531
"298","PV4_D_36_O2",128.375942635468,-0.0196337684729064,36.1159591836735
"299","PV5_D_36_O2",144.55294391453,-0.0167302393162393,36.1188571428571
"300","PV9_D_36_O2",129.951548891129,-0.0199037298387097,36.3026734693878
"301","BLANK5_D_37_O2",162.701262351552,-0.0035510829959514,36.8147142857143
"302","BLANK6_D_37_O2",156.329593151616,-0.00311731350045299,36.5899795918367
"303","PV10_D_37_O2",136.307907860963,-0.0228277998472116,36.9787755102041
"304","PV18_D_37_O2",142.026642337662,-0.0220192666157372,36.6884897959184
"305","PV20_D_37_O2",147.297202932487,-0.0219509355509355,36.9135102040816
"306","PV22_D_37_O2",143.755737216749,-0.0258337684729064,36.9301632653061
"307","PV24_D_37_O2",141.769614558486,-0.0202483258562206,36.7878979591837
"308","PV4_D_37_O2",121.70824570634,-0.0170374749721913,36.823612244898
"309","PV5_D_37_O2",138.373433640755,-0.0149528326745718,36.8743673469388
"310","PV9_D_37_O2",125.712728959222,-0.0162756638217165,37.0282857142857
"311","BLANK5_D_38_O2",154.811905294118,-0.00340725490196084,38.2961836734694
"312","BLANK6_D_38_O2",148.773289456815,-0.00290247975708497,38.1046326530612
"313","PV10_D_38_O2",132.594824075504,-0.0213214157014157,37.9069795918367
"314","PV18_D_38_O2",133.946790479094,-0.00704901567944247,38.058693877551
"315","PV20_D_38_O2",143.343606062288,-0.0194532408263953,37.8134285714286
"316","PV22_D_38_O2",138.783961153846,-0.0214229737335835,37.9227142857143
"317","PV24_D_38_O2",135.858492665505,-0.0180940592334495,38.1228571428571
"318","PV4_D_38_O2",114.66075094941,-0.0163961429381736,38.0654693877551
"319","PV5_D_38_O2",131.556990121951,-0.0140132926829269,38.0917755102041
"320","PV9_D_38_O2",119.902694676835,-0.0141529975838116,37.9940612244898
"321","BLANK5_D_39_O2",149.103871384542,-0.00373814604077761,38.9219166666667
"322","PV10_D_39_O2",124.583899820382,-0.0172695365043351,39.1183958333333
"323","PV18_D_39_O2",123.722338647597,-0.0209904586338223,38.7010416666667
"324","PV20_D_39_O2",134.361147366947,-0.0180336414565827,39.0467346938776
"325","PV22_D_39_O2",129.975979084181,-0.0207587943262412,39.0851458333333
"326","PV24_D_39_O2",131.153811767677,-0.0181804545454545,38.9780204081633
"327","PV4_D_39_O2",109.878934954407,-0.0167860182370821,38.902612244898
"328","PV5_D_39_O2",123.571057715814,-0.0150225744843391,38.8969375
"329","PV9_D_39_O2",116.494342944926,-0.0108429584312454,39.2268541666667
"330","BLANK7_D_20_O2",189.269561707317,-0.000400731707317053,20.1038775510204
"331","BLANK8_D_20_O2",224.622811129568,-0.000953176403857118,20.1386326530612
"332","PV12_D_20_O2",226.974197644216,-0.00960235578375107,20.1142040816327
"333","PV14_D_20_O2",208.367086431452,-0.0146957056451614,20.0947142857143
"334","PV15_D_20_O2",215.917933238636,-0.0134275568181819,20.0418367346939
"335","PV16_D_20_O2",181.238138762414,-0.0102889533995415,20.0931632653061
"336","PV26_D_20_O2",203.750828966235,-0.00497258325624421,20.2141632653061
"337","PV27_D_20_O2",191.133552990033,-0.0118985049833887,20.206125
"338","PV28_D_20_O2",211.084623259338,-0.0113693481324877,19.9975102040816
"339","PV31_D_20_O2",217.358315400697,-0.0100547735191638,20.1067142857143
"340","BLANK7_D_22_O2",189.5301290225,-0.00141695162466582,21.974693877551
"341","BLANK8_D_22_O2",223.066181612704,-0.00190292013567684,22.025387755102
"342","PV12_D_22_O2",224.507668280479,-0.00963966878083155,21.909306122449
"343","PV14_D_22_O2",208.167475527957,-0.0151331491410439,21.9418163265306
"344","PV15_D_22_O2",215.226933556005,-0.0165115587044534,21.942306122449
"345","PV16_D_22_O2",182.240544032088,-0.0106764362693462,22.0255714285714
"346","PV26_D_22_O2",203.001798487903,-0.00700010080645152,21.9934693877551
"347","PV27_D_22_O2",188.232565040755,-0.0124897940797941,22.0541632653061
"348","PV28_D_22_O2",210.082116733615,-0.0122597216349542,21.8362448979592
"349","PV31_D_22_O2",215.460720482625,-0.0104624388674388,21.9694285714286
"350","BLANK7_D_24_O2",183.114028389356,-0.00169729691876742,23.9725918367347
"351","BLANK8_D_24_O2",216.188843330206,-0.00222550656660415,24.0015208333333
"352","PV12_D_24_O2",218.179787082552,-0.0109678517823641,24.0540204081633
"353","PV14_D_24_O2",201.04294911107,-0.0167130406891493,24.0185833333333
"354","PV15_D_24_O2",202.613340286775,-0.0191861032388665,23.8648541666667
"355","PV16_D_24_O2",176.690352465157,-0.0122796428571428,24.064693877551
"356","PV26_D_24_O2",198.140785846154,-0.0113827692307694,24.13525
"357","PV27_D_24_O2",180.546447629208,-0.0139412280701754,24.1408333333333
"358","PV28_D_24_O2",199.472070437523,-0.0142395884315906,23.7919591836735
"359","PV31_D_24_O2",207.529199533995,-0.0116449121466769,23.9959166666667
"360","BLANK7_D_28_O2",168.463441694352,-0.00238672606463297,28.09738
"361","BLANK8_D_28_O2",197.570319037433,-0.00272377387318562,28.17096
"362","PV12_D_28_O2",199.075134008097,-0.0152797570850202,28.22346
"363","PV14_D_28_O2",187.57751597561,-0.02204106271777,28.03632
"364","PV15_D_28_O2",181.97619137931,-0.0232966073414905,27.89396
"365","PV16_D_28_O2",159.850673234659,-0.0151033919210607,28.04202
"366","PV26_D_28_O2",181.142661675579,-0.0102106951871658,28.02544
"367","PV27_D_28_O2",162.515837983193,-0.0183455462184873,28.22178
"368","PV28_D_28_O2",181.949617194717,-0.0173583015963049,27.99206
"369","PV31_D_28_O2",190.903000624422,-0.0142453052728954,28.186
"370","BLANK7_D_30_O2",159.493753116981,-0.00256458552791505,29.9427291666667
"371","BLANK8_D_30_O2",188.995628485155,-0.0026172165991903,30.1056530612245
"372","PV12_D_30_O2",188.810066636302,-0.0167355971659919,30.09575
"373","PV14_D_30_O2",173.66618602108,-0.0224237022397892,30.050375
"374","PV15_D_30_O2",177.775471648977,-0.0260303534303535,29.9820816326531
"375","PV16_D_30_O2",151.630626197706,-0.0150712044534413,30.0729591836735
"376","PV26_D_30_O2",172.217955488312,-0.0104826991967,30.1820625
"377","PV27_D_30_O2",156.013247478103,-0.0192190878888553,30.1922857142857
"378","PV28_D_30_O2",173.111817081555,-0.0179683380749169,29.9133125
"379","PV31_D_30_O2",181.936502937095,-0.0148391998149861,30.0826326530612
"380","BLANK7_D_32_O2",148.704153657229,-0.00270814028314025,31.8415510204082
"381","BLANK8_D_32_O2",178.709639124653,-0.00299307932469939,31.9539183673469
"382","PV12_D_32_O2",175.708947958026,-0.0187490276314723,31.8875918367347
"383","PV14_D_32_O2",155.236322064777,-0.0255852226720648,31.8458775510204
"384","PV15_D_32_O2",163.276247751323,-0.0257906898656898,31.7672040816327
"385","PV16_D_32_O2",141.065038832753,-0.0167113066202091,31.8987346938776
"386","PV26_D_32_O2",159.926373311445,-0.0128258442776735,31.9149183673469
"387","PV27_D_32_O2",144.917192126516,-0.0216752046025444,31.9669591836735
"388","PV28_D_32_O2",160.408749340176,-0.0221699780058651,31.7658571428571
"389","PV31_D_32_O2",167.425701327392,-0.0167174624765479,31.8930612244898
"390","BLANK7_D_34_O2",139.544376767482,-0.00257222007722004,33.6681041666667
"391","BLANK8_D_34_O2",168.697217992495,-0.00236123827392113,33.7938541666667
"392","PV12_D_34_O2",165.81168599865,-0.0209343117408907,33.7205416666667
"393","PV14_D_34_O2",145.549856259438,-0.0272244261552401,33.7150208333333
"394","PV15_D_34_O2",155.364459113301,-0.0307990147783251,33.5798541666667
"395","PV16_D_34_O2",128.84174136667,-0.0177202483860379,33.612125
"396","PV26_D_34_O2",150.313340259019,-0.0142301140918902,33.7058958333333
"397","PV27_D_34_O2",137.370237249809,-0.0257723147440795,33.8284791666667
"398","PV28_D_34_O2",152.087132857143,-0.0234970028011204,33.577625
"399","PV31_D_34_O2",161.189837987805,-0.0194965243902439,33.72175
"400","BLANK7_D_36_O2",133.657886059744,-0.00166273115220481,35.8195849056604
"401","BLANK8_D_36_O2",166.124397630662,-0.00182411149825782,35.8377358490566
"402","PV12_D_36_O2",160.230362301587,-0.0209282567049808,35.8215471698113
"403","PV14_D_36_O2",141.599698121334,-0.0280267503665689,35.6842641509434
"404","PV15_D_36_O2",152.260344454619,-0.0300082722832723,35.8940943396226
"405","PV16_D_36_O2",125.565602154316,-0.0166699923605806,35.5739811320755
"406","PV26_D_36_O2",145.364510619236,-0.0131382872200264,35.8553773584906
"407","PV27_D_36_O2",129.570504057971,-0.0235243478260869,36.0577735849057
"408","PV28_D_36_O2",145.767283347339,-0.0239432913165266,35.5873962264151
"409","PV31_D_36_O2",153.550482574484,-0.0185571352177234,35.7668113207547
"410","BLANK7_D_37_O2",126.060032369375,-0.00138996526729086,36.7161428571429
"411","BLANK8_D_37_O2",158.302582166979,-0.00192466228893055,36.7409387755102
"412","PV12_D_37_O2",151.122984285714,-0.0177999719887955,36.7565714285714
"413","PV14_D_37_O2",136.20914179803,-0.024474802955665,36.762693877551
"414","PV15_D_37_O2",142.601421760684,-0.0260915042735043,36.7555714285714
"415","PV16_D_37_O2",124.184986823362,-0.0143954517704517,36.8602653061225
"416","PV26_D_37_O2",138.433163278388,-0.0115692612942613,36.8496326530612
"417","PV27_D_37_O2",126.85734328629,-0.0211142540322581,37.0319795918367
"418","PV28_D_37_O2",138.232612189662,-0.0214017704517704,36.5787959183673
"419","PV31_D_37_O2",146.926817246964,-0.0161864777327935,36.7991428571429
"420","BLANK7_D_38_O2",119.840063919414,-0.00162557997557989,38.009612244898
"421","BLANK8_D_38_O2",150.673730803383,-0.00198929527836504,38.1569166666667
"422","PV12_D_38_O2",147.076565101965,-0.0157040711902114,38.0383673469388
"423","PV14_D_38_O2",134.962681908832,-0.0226583028083028,38.0996875
"424","PV15_D_38_O2",139.070907794058,-0.0223176434676434,37.9615625
"425","PV16_D_38_O2",121.653006748768,-0.0130215270935961,38.0651666666667
"426","PV26_D_38_O2",136.296789210116,-0.0107749498663102,38.1187551020408
"427","PV27_D_38_O2",123.835590307692,-0.0189995384615385,38.1701458333333
"428","PV28_D_38_O2",138.886393613445,-0.0191185434173669,37.9162857142857
"429","PV31_D_38_O2",140.953624629488,-0.0135978915202444,38.0586041666667
"430","BLANK1_L_20_O2",185.512866303735,-0.0019356483439042,20.5273673469388
"431","BLANK2_L_20_O2",216.580763269231,-0.00213700281425899,20.4543265306122
"432","PV11_L_20_O2",239.677382812274,0.0291673577941815,20.3807551020408
"433","PV21_L_20_O2",222.630492312887,0.0112363422737217,20.506693877551
"434","PV29_L_20_O2",211.648717819742,0.00986361965240634,20.1648979591837
"435","PV3_L_20_O2",236.14833002153,0.0134437879939209,20.4065102040816
"436","PV30_L_20_O2",220.588941548497,0.0053995097642006,20.2087142857143
"437","PV32_L_20_O2",212.331594145968,0.00625244556297184,20.0563469387755
"438","PV6_L_20_O2",203.714638290433,0.0124441634491636,20.2723469387755
"439","PV8_L_20_O2",197.958032454317,0.0141503884451253,20.2001632653061
"440","BLANK1_L_22_O2",186.033686302152,-0.00240285902503298,22.0846326530612
"441","BLANK2_L_22_O2",221.437542737844,-0.00290630373502465,22.0537346938776
"442","PV11_L_22_O2",238.164477662338,0.0382237891520245,22.1185306122449
"443","PV21_L_22_O2",220.892002617946,0.0121046284304656,22.1303469387755
"444","PV29_L_22_O2",211.864545650861,0.00708286016309269,22.1939183673469
"445","PV3_L_22_O2",237.439083162187,0.0170983539716097,22.1888571428571
"446","PV30_L_22_O2",220.303265760122,0.00729145912910628,22.1740204081633
"447","PV32_L_22_O2",218.183022359287,0.00660053001876181,22.0554489795918
"448","PV6_L_22_O2",210.2878476055,0.0189703176861071,22.3161428571429
"449","PV8_L_22_O2",196.43544682266,0.0202113054187193,22.3210204081633
"450","BLANK1_L_24_O2",180.099063911205,-0.00203854122621564,23.9797346938775
"451","BLANK2_L_24_O2",214.794839243697,-0.00266389355742287,23.8677551020408
"452","PV11_L_24_O2",230.596203582888,0.0459739572192512,24.0060816326531
"453","PV21_L_24_O2",212.678020853859,0.0187421455938697,23.9980816326531
"454","PV29_L_24_O2",202.986268632544,0.00832388082505733,24.0382857142857
"455","PV3_L_24_O2",228.026735668449,0.0208343850267381,24.0345714285714
"456","PV30_L_24_O2",211.954698961819,0.0104166537966538,24.0187551020408
"457","PV32_L_24_O2",208.997809336007,0.00862961229946519,23.8543469387755
"458","PV6_L_24_O2",201.427347256098,0.0240551829268293,24.0328775510204
"459","PV8_L_24_O2",189.96114200497,0.027520853253383,24.1182448979592
"460","BLANK1_L_28_O2",165.720477315011,-0.00225694855532061,28.3322040816327
"461","BLANK2_L_28_O2",197.108981219388,-0.00288162755102035,28.1818367346939
"462","PV11_L_28_O2",222.304463334897,0.0459241885553471,28.3392040816327
"463","PV21_L_28_O2",199.063522443715,0.0251091697936211,28.2615918367347
"464","PV29_L_28_O2",184.070000132275,0.00843373015873019,28.1310204081633
"465","PV3_L_28_O2",217.064843270945,0.0237271390374331,28.3474693877551
"466","PV30_L_28_O2",192.935811106609,0.0134704480998298,28.2978367346939
"467","PV32_L_28_O2",191.911925714286,0.01196,28.2052244897959
"468","PV6_L_28_O2",188.009382358512,0.0274604445187165,28.4565306122449
"469","PV8_L_28_O2",177.297792727494,0.0227743254193339,28.5437142857143
"470","BLANK1_L_30_O2",158.623334264383,-0.00304458498023715,30.0141764705882
"471","BLANK2_L_30_O2",188.653824383754,-0.0035210224089636,29.8698235294118
"472","PV11_L_30_O2",203.702070689655,0.040841212458287,30.09154
"473","PV21_L_30_O2",190.869619061625,0.0226991456582633,30.0845882352941
"474","PV29_L_30_O2",177.463893613445,0.0071276241405653,30.0386666666667
"475","PV3_L_30_O2",206.743261268816,0.0214476796569691,30.0760784313726
"476","PV30_L_30_O2",182.305035828877,0.0114110771581361,30.08814
"477","PV32_L_30_O2",183.394582937633,0.00936369013856251,29.897568627451
"478","PV6_L_30_O2",180.465021107716,0.0275238884644768,30.1167450980392
"479","PV8_L_30_O2",168.088511960133,0.0293086378737542,30.1508039215686
"480","BLANK1_L_32_O2",152.328753137652,-0.00273289473684207,31.9279183673469
"481","BLANK2_L_32_O2",182.009817712551,-0.003090991902834,31.7889591836735
"482","PV11_L_32_O2",192.004201097561,0.0372644076655053,32.0218163265306
"483","PV21_L_32_O2",181.205298604651,0.0206799718111346,32.0327346938776
"484","PV29_L_32_O2",170.297632862903,0.00557883064516134,31.9884897959184
"485","PV3_L_32_O2",195.122173052729,0.0201399907493062,31.9849183673469
"486","PV30_L_32_O2",176.112280206264,0.0101553934300994,32.0599591836735
"487","PV32_L_32_O2",175.877782058823,0.00830253501400565,31.8538163265306
"488","PV6_L_32_O2",173.271391785384,0.0225258834412581,32.030306122449
"489","PV8_L_32_O2",162.672263078818,0.0257783004926109,32.0992857142857
"490","BLANK1_L_34_O2",142.672996806723,-0.00312621848739497,34.1480612244898
"491","BLANK2_L_34_O2",170.643245233002,-0.0036670817417877,33.9300204081633
"492","PV11_L_34_O2",176.252958694581,0.027671354679803,34.1729591836735
"493","PV21_L_34_O2",164.22258478839,0.0104710626734505,34.1758571428571
"494","PV29_L_34_O2",153.046448440748,-0.000324028887186807,34.1454693877551
"495","PV3_L_34_O2",180.122891427317,0.0147256126482214,34.200387755102
"496","PV30_L_34_O2",163.414633260918,0.00341843248663086,34.1845510204082
"497","PV32_L_34_O2",162.874642340519,0.00371831163146954,33.9099387755102
"498","PV6_L_34_O2",158.81644870621,0.0187719674256543,34.215693877551
"499","PV8_L_34_O2",149.486985891182,0.0230457223264541,34.2871224489796
"500","BLANK1_L_36_O2",135.367709301686,-0.0033368676686216,36.0887
"501","BLANK2_L_36_O2",162.050367546791,-0.00399254679144389,35.74856
"502","PV11_L_36_O2",167.361306273504,0.0207022735042734,35.94656
"503","PV21_L_36_O2",156.456379230769,-0.00404418803418805,36.08004
"504","PV29_L_36_O2",145.706272983871,-0.00624879032258074,36.04228
"505","PV3_L_36_O2",171.735218080297,0.00515391700404867,35.99932
"506","PV30_L_36_O2",153.815824606004,-0.00428895872420271,35.9629
"507","PV32_L_36_O2",154.481951187967,-0.004050441370224,35.91518
"508","PV6_L_36_O2",151.116027997199,0.00865603641456579,36.02688
"509","PV8_L_36_O2",137.86272824224,0.0132407186234818,36.14864
"510","BLANK1_L_37_O2",129.682089801948,-0.00227942882153408,36.7703265306122
"511","BLANK2_L_37_O2",155.40913707189,-0.00300893970893975,36.5984489795918
"512","PV11_L_37_O2",158.185575533662,0.00560700602079918,36.8862448979592
"513","PV21_L_37_O2",146.431833740015,-0.0142871813108655,36.9739591836735
"514","PV29_L_37_O2",136.311546148696,-0.0151402995066949,36.9343265306122
"515","PV3_L_37_O2",166.322039049764,-0.00156843629343626,36.7622857142857
"516","PV30_L_37_O2",145.475476256684,-0.0110195721925133,36.9504693877551
"517","PV32_L_37_O2",144.030996990918,-0.00916046613415035,36.5031020408163
"518","PV6_L_37_O2",143.699676737061,-0.00174786081628184,36.9624081632653
"519","PV8_L_37_O2",131.784036008065,-0.000452137096774276,37.1542448979592
"520","BLANK3_L_20_O2",242.470929742323,-0.00139485860141012,20.192693877551
"521","BLANK4_L_20_O2",217.23178966967,-0.000530810810810671,20.2140612244898
"522","PV1_L_20_O2",225.36947844448,0.0211483550765741,20.143
"523","PV13_L_20_O2",203.836105409408,0.0136728135888502,20.3144489795918
"524","PV17_L_20_O2",195.987624463171,0.0127943035410421,20.2912653061224
"525","PV19_L_20_O2",230.733633238798,0.0122385706182642,20.2296530612245
"526","PV2_L_20_O2",239.456548323212,0.0170242813765182,20.2281020408163
"527","PV23_L_20_O2",218.000938627428,0.00525714037927842,20.2705918367347
"528","PV25_L_20_O2",233.023459538462,0.00520507692307671,20.2253469387755
"529","PV7_L_20_O2",233.491182859175,0.0151983641536272,20.1194693877551
"530","BLANK3_L_22_O2",237.097827792184,-0.00165249574588796,22.0944081632653
"531","BLANK4_L_22_O2",212.860068235492,-0.00114752024291494,22.1751428571429
"532","PV1_L_22_O2",224.954380798797,0.0279865140374331,22.0640408163265
"533","PV13_L_22_O2",203.722437110694,0.0193132645403377,22.2181428571429
"534","PV17_L_22_O2",192.195107894737,0.0190955192034139,22.2725102040816
"535","PV19_L_22_O2",229.449251718824,0.0160526908487435,22.1870612244898
"536","PV2_L_22_O2",235.533985383275,0.0215177526132404,22.1582653061224
"537","PV23_L_22_O2",213.597582883613,0.00944812413904862,22.1770204081633
"538","PV25_L_22_O2",228.093651130874,0.00991755599472986,22.0562448979592
"539","PV7_L_22_O2",229.850068853266,0.0193236404420615,21.8479183673469
"540","BLANK3_L_24_O2",228.757167787115,-0.00216330532212888,24.1164285714286
"541","BLANK4_L_24_O2",205.33892059549,-0.0014713354474982,24.1317755102041
"542","PV1_L_24_O2",220.405486914937,0.0298236263736264,24.0332448979592
"543","PV13_L_24_O2",193.11846973262,0.02180192513369,24.2386734693878
"544","PV17_L_24_O2",192.904118891129,0.0250468346774193,24.2278367346939
"545","PV19_L_24_O2",218.81687895457,0.0204045703338807,24.1592244897959
"546","PV2_L_24_O2",223.156847600423,0.0243515539112051,24.187306122449
"547","PV23_L_24_O2",208.67956869126,0.0106651251646904,24.1500408163265
"548","PV25_L_24_O2",218.191289151032,0.0124356144465291,24.1966734693878
"549","PV7_L_24_O2",220.662019886364,0.0209179802052787,24.0387551020408
"550","BLANK3_L_28_O2",209.72076180157,-0.00238865146481415,28.1019591836735
"551","BLANK4_L_28_O2",188.446540622169,-0.00152612503775294,28.0637142857143
"552","PV1_L_28_O2",200.725607792208,0.0340415584415586,27.9360625
"553","PV13_L_28_O2",174.197938160677,0.0253620507399577,28.1387346938776
"554","PV17_L_28_O2",174.667272288931,0.0269587617260788,28.1240408163265
"555","PV19_L_28_O2",200.41423317734,0.0270367733990148,28.0668775510204
"556","PV2_L_28_O2",205.696298150783,0.0289370317686106,28.0461224489796
"557","PV23_L_28_O2",190.548606391129,0.0143649798387097,28.073125
"558","PV25_L_28_O2",198.27827730022,0.0158836235337245,28.0547551020408
"559","PV7_L_28_O2",200.959761895161,0.0225163306451612,27.880306122449
"560","BLANK3_L_30_O2",201.870096136294,-0.00224667591736047,29.9847346938776
"561","BLANK4_L_30_O2",181.374590855615,-0.00152072574484341,29.9996734693878
"562","PV1_L_30_O2",197.389767186235,0.032302044534413,29.9081632653061
"563","PV13_L_30_O2",173.37238087,0.0244053439753666,30.0080816326531
"564","PV17_L_30_O2",168.907198625054,0.0247995302445303,30.0161020408163
"565","PV19_L_30_O2",194.674933267895,0.0246922228933857,29.9941020408163
"566","PV2_L_30_O2",198.355243289474,0.0302753340080973,29.9935918367347
"567","PV23_L_30_O2",182.960712187088,0.0112691040843214,30.0087142857143
"568","PV25_L_30_O2",192.347865940767,0.0155974738675958,29.9960204081633
"569","PV7_L_30_O2",195.478852410664,0.0223750425411231,29.829693877551
"570","BLANK3_L_32_O2",192.635519412564,-0.00198770009060705,31.990387755102
"571","BLANK4_L_32_O2",172.608135040323,-0.00174552419354838,32.0622244897959
"572","PV1_L_32_O2",187.219742443733,0.0267898691923577,31.8693265306122
"573","PV13_L_32_O2",165.564457900697,0.0216887891986061,32.0584285714286
"574","PV17_L_32_O2",161.345541427691,0.0213213536848597,32.0928163265306
"575","PV19_L_32_O2",186.866565028997,0.0213784002626108,32.0420408163265
"576","PV2_L_32_O2",196.541647344713,0.0280667377904221,31.9526326530612
"577","PV23_L_32_O2",174.037240877378,0.00930133544749823,31.9784285714286
"578","PV25_L_32_O2",186.064389799568,0.013014702436016,32.0164081632653
"579","PV7_L_32_O2",187.455060887949,0.019626819691936,31.8847959183673
"580","BLANK3_L_34_O2",185.264110858349,-0.00170344746716695,34.1701836734694
"581","BLANK4_L_34_O2",166.594322037769,-0.00138176548089589,34.1672040816327
"582","PV1_L_34_O2",174.493348899167,0.0208076225716929,33.9848775510204
"583","PV13_L_34_O2",152.512240161583,0.0181379719118091,34.3008775510204
"584","PV17_L_34_O2",147.900873836032,0.0159389170040486,34.2208163265306
"585","PV19_L_34_O2",173.943793281335,0.016752969348659,34.2190204081633
"586","PV2_L_34_O2",180.182870516976,0.0232656956486508,34.1697551020408
"587","PV23_L_34_O2",163.316989611315,0.00410888278388276,34.1631020408163
"588","PV25_L_34_O2",174.4051415197,0.00908127579737332,34.2318163265306
"589","PV7_L_34_O2",177.148545618467,0.0131352177700349,34.0370612244898
"590","BLANK3_L_36_O2",171.372652484144,-0.00303303382663848,35.9828979591837
"591","BLANK4_L_36_O2",155.453971551033,-0.00170050570459454,35.9051836734694
"592","PV1_L_36_O2",159.020242601136,0.0101213444420321,35.7536530612245
"593","PV13_L_36_O2",141.394178821481,0.0102676594574781,36.0332448979592
"594","PV17_L_36_O2",137.170073418803,0.00555735042735044,36.0268979591837
"595","PV19_L_36_O2",157.917727027027,0.00229146514935988,35.9962857142857
"596","PV2_L_36_O2",167.636335344828,0.0124027504105091,35.8857142857143
"597","PV23_L_36_O2",150.935127813057,-0.000985879010695273,35.9330408163265
"598","PV25_L_36_O2",161.519303330787,-0.000398670741023575,36.031693877551
"599","PV7_L_36_O2",163.784710346948,0.00808561264822136,35.7597551020408
"600","BLANK3_L_37_O2",165.638426760886,-0.0025285179526356,36.7852653061224
"601","BLANK4_L_37_O2",149.243290522648,-0.00186543554006969,36.770693877551
"602","PV1_L_37_O2",152.285655538462,0.00121454700854689,36.5995306122449
"603","PV13_L_37_O2",135.096306689883,0.000676631231671587,36.8524489795918
"604","PV17_L_37_O2",129.167308581197,-0.00706926495726488,36.8387346938775
"605","PV19_L_37_O2",151.529004081409,-0.00893580260422365,36.7926530612245
"606","PV2_L_37_O2",157.092572240896,-0.00014254901960781,36.7722040816327
"607","PV23_L_37_O2",143.536355263158,-0.00849039829302982,36.7618775510204
"608","PV25_L_37_O2",152.153838545757,-0.0101346798550287,36.8182244897959
"609","PV7_L_37_O2",157.832714901501,0.00020292213883678,36.5903673469388
"610","BLANK5_L_20_O2",196.708649362348,-0.00110300607287447,20.1533265306122
"611","BLANK6_L_20_O2",229.433239163265,-0.00116732653061221,20.0129387755102
"612","PV10_L_20_O2",223.061647495895,0.020219499178982,20.2497142857143
"613","PV18_L_20_O2",193.618766435059,0.00634014115329896,20.3711428571429
"614","PV20_L_20_O2",230.47689182266,0.0106126108374384,20.130387755102
"615","PV22_L_20_O2",244.359699851444,0.0119864516651811,20.300612244898
"616","PV24_L_20_O2",233.315620771757,0.0133964696223318,20.2529183673469
"617","PV4_L_20_O2",220.445904005602,0.0130775070028012,20.3405714285714
"618","PV5_L_20_O2",233.168444290689,0.019538663856305,20.3179591836735
"619","PV9_L_20_O2",233.764211615385,0.00907607692307698,20.0914285714286
"620","BLANK5_L_22_O2",191.117678010204,-0.00145760204081631,22.0327755102041
"621","BLANK6_L_22_O2",222.461531405971,-0.00185805481283418,21.9956734693878
"622","PV10_L_22_O2",224.441558568548,0.0227337701612904,22.0837755102041
"623","PV18_L_22_O2",198.316645939511,0.0144169948519948,22.2338571428571
"624","PV20_L_22_O2",225.128335958747,0.0142551795263561,22.198693877551
"625","PV22_L_22_O2",241.681949817073,0.0143428658536586,22.2049387755102
"626","PV24_L_22_O2",232.13155936943,0.0167037767379679,22.1466530612245
"627","PV4_L_22_O2",215.763037342342,0.0301967631917632,22.2052244897959
"628","PV5_L_22_O2",231.8926197489,0.0297754123900294,22.2627755102041
"629","PV9_L_22_O2",231.7461418411,0.0176312681436211,22.2263673469388
"630","BLANK5_L_24_O2",184.748875172683,-0.00186091243315512,24.084306122449
"631","BLANK6_L_24_O2",215.539812035639,-0.0024181969193597,24.0118979591837
"632","PV10_L_24_O2",214.980680362903,0.0218083467741936,24.1124285714286
"633","PV18_L_24_O2",193.283754115385,0.0162612692307691,24.2751632653061
"634","PV20_L_24_O2",220.276512352462,0.0174335164835165,24.0522040816327
"635","PV22_L_24_O2",230.514710812013,0.015128787541713,24.1971836734694
"636","PV24_L_24_O2",219.431534438009,0.0182600707850707,24.1887142857143
"637","PV4_L_24_O2",212.529228273491,0.0302583575248283,24.2491836734694
"638","PV5_L_24_O2",223.922622623338,0.0304012290862291,24.1824897959184
"639","PV9_L_24_O2",226.533601985994,0.0207290130211183,24.0601428571429
"640","BLANK5_L_28_O2",168.472455547653,-0.00144938359412048,27.97128
"641","BLANK6_L_28_O2",197.892504350064,-0.00236741312741301,27.63522
"642","PV10_L_28_O2",189.880508217865,0.0208089903573455,28.07214
"643","PV18_L_28_O2",173.925710030612,0.0227046632653061,28.13016
"644","PV20_L_28_O2",199.766477268907,0.0231157282913166,27.92272
"645","PV22_L_28_O2",214.835139331437,0.021082574679943,28.01506
"646","PV24_L_28_O2",201.333704508152,0.0218247620089725,27.9894
"647","PV4_L_28_O2",191.91855997537,0.0382134236453202,28.14626
"648","PV5_L_28_O2",199.771151081175,0.0289192240980573,28.0282
"649","PV9_L_28_O2",202.540170365102,0.0179623992413466,28.0875714285714
"650","BLANK5_L_30_O2",161.611021282716,-0.001702345839073,30.0332857142857
"651","BLANK6_L_30_O2",188.495484025366,-0.00266133033000439,29.8715306122449
"652","PV10_L_30_O2",187.217539230769,0.0215369418386492,30.0192448979592
"653","PV18_L_30_O2",168.752867269889,0.0202326376040703,30.16
"654","PV20_L_30_O2",192.96031376592,0.0165117061923584,29.9070204081633
"655","PV22_L_30_O2",204.132689957717,0.0173465871337964,30.0832653061224
"656","PV24_L_30_O2",194.869631226873,0.0209216177150787,30.0785714285714
"657","PV4_L_30_O2",186.285803306754,0.0346768996247654,30.1071020408163
"658","PV5_L_30_O2",194.821287715192,0.0267273859861069,30.1178775510204
"659","PV9_L_30_O2",195.79154550279,0.0242839096181202,30.0725510204082
"660","BLANK5_L_32_O2",154.474789482759,-0.00159391625615767,31.8947346938776
"661","BLANK6_L_32_O2",180.523483711201,-0.00279275303643735,31.6786530612245
"662","PV10_L_32_O2",179.554002150786,0.0182901711378353,31.8951224489796
"663","PV18_L_32_O2",159.899828729571,0.0193807061362936,32.0074897959184
"664","PV20_L_32_O2",183.98007630863,0.0152011772983114,31.8206326530612
"665","PV22_L_32_O2",196.391420662021,0.0168580836236934,31.9745510204082
"666","PV24_L_32_O2",182.859766027875,0.0162966898954703,31.9676326530612
"667","PV4_L_32_O2",179.654173552632,0.0327106578947369,31.9473265306122
"668","PV5_L_32_O2",187.33310230444,0.0257948766737138,31.9735918367347
"669","PV9_L_32_O2",186.60887115722,0.0148397064777328,31.9387959183673
"670","BLANK5_L_34_O2",146.441211392106,-0.00128762548262543,33.8498979591837
"671","BLANK6_L_34_O2",170.402823305783,-0.00213449072198369,33.6108163265306
"672","PV10_L_34_O2",166.562910490196,0.0170858683473389,33.8941020408163
"673","PV18_L_34_O2",148.992428270264,0.012921485292926,34.0230204081633
"674","PV20_L_34_O2",171.638539216545,0.0128740671845934,33.7774285714286
"675","PV22_L_34_O2",181.688153338426,0.00956216959511083,33.9076734693878
"676","PV24_L_34_O2",173.368002691236,0.0158864931610942,33.9510612244898
"677","PV4_L_34_O2",171.440161344239,0.0268863086770981,33.9805306122449
"678","PV5_L_34_O2",172.912490997919,0.019733678307123,34.0170612244898
"679","PV9_L_34_O2",174.607086896552,0.0128993103448276,33.9465102040816
"680","BLANK5_L_36_O2",138.079581197965,-0.00144567530064757,36.0072448979592
"681","BLANK6_L_36_O2",161.608683925891,-0.00190118667917446,35.7255714285714
"682","PV10_L_36_O2",153.286361285651,0.00725725267379671,36.0263265306122
"683","PV18_L_36_O2",138.179517389006,-0.00124994714587736,36.1488571428571
"684","PV20_L_36_O2",161.664250426743,0.00680220483641535,35.8797551020408
"685","PV22_L_36_O2",166.448445354278,-0.0019052473262032,36.1038571428571
"686","PV24_L_36_O2",159.969670282258,0.00456197580645159,36.0410204081633
"687","PV4_L_36_O2",150.821929307692,0.00979530769230766,36.0839591836735
"688","PV5_L_36_O2",159.454299869607,0.00912568752963481,36.1029591836735
"689","PV9_L_36_O2",162.217593650472,0.0045462955465587,36.0606734693878
"690","BLANK5_L_37_O2",131.15437695993,-0.00166702961672475,36.854125
"691","BLANK6_L_37_O2",152.842718606942,-0.00202367260787989,36.667375
"692","PV10_L_37_O2",122.225973109244,-0.00235070028011203,36.789625
"693","PV18_L_37_O2",124.323388477801,-0.0132341437632135,37.09325
"694","PV20_L_37_O2",149.21374035037,-0.0110408822849214,37.0242291666667
"695","PV22_L_37_O2",154.20886119338,-0.00953889372822297,37.1302083333333
"696","PV24_L_37_O2",147.734568669468,-0.0102812745098039,36.9145
"697","PV4_L_37_O2",139.246771420932,-0.00824873185637885,37.1425416666667
"698","PV5_L_37_O2",147.417938189618,-0.00234689832689835,36.9796875
"699","PV9_L_37_O2",150.14563705074,-0.00906622621564486,37.0881041666667
"700","BLANK7_L_20_O2",232.179663175778,-1.0653881002577e-05,20.1559166666667
"701","BLANK8_L_20_O2",193.831076505102,-0.00117038265306116,20.1335510204082
"702","PV12_L_20_O2",227.618985874191,0.0188039500462534,20.0743469387755
"703","PV14_L_20_O2",235.05968703629,0.0233690120967741,20.2384583333333
"704","PV15_L_20_O2",247.542485296167,0.025688919860627,20.2072040816327
"705","PV16_L_20_O2",215.324061896552,0.0239518965517241,20.4085102040816
"706","PV26_L_20_O2",222.571113551811,0.00579420614946919,20.2394375
"707","PV27_L_20_O2",228.415651637701,0.00596266711229948,20.1508979591837
"708","PV28_L_20_O2",191.983276141115,0.00130695993031349,20.1925714285714
"709","PV31_L_20_O2",201.81126703629,0.0075515120967744,20.2701666666667
"710","BLANK7_L_22_O2",229.751057290816,-0.00234137244897956,22.0577551020408
"711","BLANK8_L_22_O2",192.717438523608,-0.00197185694150815,22.2475918367347
"712","PV12_L_22_O2",226.715241257036,0.0215860412757974,21.9527959183673
"713","PV14_L_22_O2",232.91878350476,0.0256601980523032,22.3929387755102
"714","PV15_L_22_O2",244.609309057487,0.0288266377005347,22.4308163265306
"715","PV16_L_22_O2",215.400305887923,0.032195003342246,22.4978979591837
"716","PV26_L_22_O2",224.159736797512,0.0078670205920206,22.1070204081633
"717","PV27_L_22_O2",226.628100877379,0.00763083509513736,22.1774081632653
"718","PV28_L_22_O2",190.959475418118,0.000858728222996501,21.9619591836735
"719","PV31_L_22_O2",198.690893301621,0.0110443305144468,22.2604693877551
"720","BLANK7_L_24_O2",219.845669321957,-0.00253960283902149,24.0331428571429
"721","BLANK8_L_24_O2",185.279035520638,-0.00229021106941841,23.9813673469388
"722","PV12_L_24_O2",219.572963781194,0.0230540441176471,23.8697959183673
"723","PV14_L_24_O2",225.023446674082,0.031755550611791,24.041387755102
"724","PV15_L_24_O2",238.232514737903,0.0316453427419355,23.9843673469388
"725","PV16_L_24_O2",207.073012169312,0.0343976800976802,24.1047959183673
"726","PV26_L_24_O2",215.209891217622,0.0103221265032378,24.0220408163265
"727","PV27_L_24_O2",217.489783669951,0.00964096059113295,23.8548979591837
"728","PV28_L_24_O2",183.125282610308,0.0015753058954394,24.0012653061224
"729","PV31_L_24_O2",189.047197307692,0.0139888461538461,24.0841836734694
"730","BLANK7_L_28_O2",200.733661183673,-0.00182771428571429,28.0135918367347
"731","BLANK8_L_28_O2",168.418514172455,-0.00220505134400478,27.9363265306122
"732","PV12_L_28_O2",197.020040623827,0.023413222326454,27.8707551020408
"733","PV14_L_28_O2",205.831688596059,0.0341582019704433,27.9868163265306
"734","PV15_L_28_O2",215.54711087027,0.0326903613969694,27.9503469387755
"735","PV16_L_28_O2",190.330604803419,0.0384430598290597,28.032693877551
"736","PV26_L_28_O2",198.986179482759,0.0147722413793103,27.8801632653061
"737","PV27_L_28_O2",199.556069654183,0.0121730217456962,27.843693877551
"738","PV28_L_28_O2",165.592941965291,0.00553336303939965,27.8751632653061
"739","PV31_L_28_O2",173.125149310647,0.0182857478936426,27.9587551020408
"740","BLANK7_L_30_O2",193.704405853576,-0.00186503036437248,30.09525
"741","BLANK8_L_30_O2",161.46454031548,-0.00162123814925863,29.9360612244898
"742","PV12_L_30_O2",192.022511564482,0.0230897744890768,29.913387755102
"743","PV14_L_30_O2",200.042057605042,0.0372345518207283,30.0665510204082
"744","PV15_L_30_O2",205.502847551595,0.030352636022514,30.074
"745","PV16_L_30_O2",182.003036470152,0.0391923025583984,30.1189183673469
"746","PV26_L_30_O2",190.523520454545,0.0134131002718212,30.0164285714286
"747","PV27_L_30_O2",190.190142329545,0.0105849431818183,29.9192040816327
"748","PV28_L_30_O2",159.980472994857,0.00419524017945064,30.0111836734694
"749","PV31_L_30_O2",167.136121420378,0.0172523987854251,30.1258163265306
"750","BLANK7_L_32_O2",184.856622232126,-0.00148385868244065,32.13825
"751","BLANK8_L_32_O2",153.515168360208,-0.00217667936147799,31.9940612244898
"752","PV12_L_32_O2",184.418852888745,0.020568065796937,31.857612244898
"753","PV14_L_32_O2",190.136764965157,0.0334716202090592,32.1897959183673
"754","PV15_L_32_O2",196.878542829132,0.0263809803921569,32.1170816326531
"755","PV16_L_32_O2",174.960155784205,0.0274746941045607,32.3518775510204
"756","PV26_L_32_O2",181.830169428639,0.0109529042200095,32.1817755102041
"757","PV27_L_32_O2",183.624270733917,0.00984131682271217,32.0349183673469
"758","PV28_L_32_O2",151.765106535821,0.00327510296010304,32.0731836734694
"759","PV31_L_32_O2",156.854547384615,0.0159811623931624,32.2231020408163
"760","BLANK7_L_34_O2",175.756926346154,-0.00129867260787988,34.0051020408163
"761","BLANK8_L_34_O2",143.735183461538,-0.00196282363977486,33.9190612244898
"762","PV12_L_34_O2",173.121086008403,0.0177257563025211,33.8214897959184
"763","PV14_L_34_O2",177.917931646904,0.0256828458498024,34.0067142857143
"764","PV15_L_34_O2",186.158655107962,0.0228986032388664,33.9818367346939
"765","PV16_L_34_O2",164.635760366944,0.0220564076472402,34.0831836734694
"766","PV26_L_34_O2",171.037242641129,0.00694485887096775,33.9845918367347
"767","PV27_L_34_O2",172.64364230444,0.00496551797040167,33.841693877551
"768","PV28_L_34_O2",145.155905147783,-0.000150467980295579,33.9951224489796
"769","PV31_L_34_O2",151.892900501337,0.0105734291443849,34.0187959183673
"770","BLANK7_L_36_O2",166.542743861408,-0.00194328208556151,35.8734375
"771","BLANK8_L_36_O2",134.020932437904,-0.00194491191596464,35.7813265306122
"772","PV12_L_36_O2",160.441513758434,0.0107151214574899,35.6529795918367
"773","PV14_L_36_O2",166.7741943101,0.020664390706496,35.8266666666667
"774","PV15_L_36_O2",173.006753316239,0.0137550598290598,35.8769183673469
"775","PV16_L_36_O2",153.164256781377,0.0177371457489878,35.900387755102
"776","PV26_L_36_O2",157.723391204362,-0.000542935040303464,35.8152040816327
"777","PV27_L_36_O2",158.412844276133,-0.000959909805735407,35.6732708333333
"778","PV28_L_36_O2",135.03043061057,-0.00406415909836968,35.7540408163265
"779","PV31_L_36_O2",138.357287216599,0.00257918016194334,35.90125
"780","BLANK7_L_37_O2",160.105831267345,-0.00149084181313602,36.9957755102041
"781","BLANK8_L_37_O2",127.784501996057,-0.00130919698565757,36.8134285714286
"782","PV12_L_37_O2",152.617333558559,0.00109318397344711,36.8368979591837
"783","PV14_L_37_O2",157.442608642937,0.00521894327030039,37.0195102040816
"784","PV15_L_37_O2",163.749370656158,0.00274921187683291,37.0471428571429
"785","PV16_L_37_O2",146.957059589744,0.00399442735042735,37.1678571428571
"786","PV26_L_37_O2",151.046685306554,-0.00671913319238903,36.8794693877551
"787","PV27_L_37_O2",153.548755591421,-0.00571630922420394,36.800306122449
"788","PV28_L_37_O2",129.29720975976,-0.00800019305019299,37.0409795918367
"789","PV31_L_37_O2",132.185553728014,-0.00597307593307589,37.1414489795918
"790",NA,NA,NA,NA
"791",NA,NA,NA,NA
"792",NA,NA,NA,NA
"793",NA,NA,NA,NA
"794",NA,NA,NA,NA
"795",NA,NA,NA,NA
"796",NA,NA,NA,NA
"797",NA,NA,NA,NA
"798",NA,NA,NA,NA
"799",NA,NA,NA,NA
"800",NA,NA,NA,NA
"801",NA,NA,NA,NA
"802",NA,NA,NA,NA
"803",NA,NA,NA,NA
"804",NA,NA,NA,NA
"805",NA,NA,NA,NA
"806",NA,NA,NA,NA
"807",NA,NA,NA,NA
"808",NA,NA,NA,NA
"809",NA,NA,NA,NA
"810",NA,NA,NA,NA
"811",NA,NA,NA,NA
"812",NA,NA,NA,NA
"813",NA,NA,NA,NA
"814",NA,NA,NA,NA
"815",NA,NA,NA,NA
"816",NA,NA,NA,NA
"817",NA,NA,NA,NA
"818",NA,NA,NA,NA
"819",NA,NA,NA,NA
"820",NA,NA,NA,NA
"821",NA,NA,NA,NA
"822",NA,NA,NA,NA
"823",NA,NA,NA,NA
"824",NA,NA,NA,NA
"825",NA,NA,NA,NA
"826",NA,NA,NA,NA
"827",NA,NA,NA,NA
"828",NA,NA,NA,NA
"829",NA,NA,NA,NA
"830",NA,NA,NA,NA
"831",NA,NA,NA,NA
"832",NA,NA,NA,NA
"833",NA,NA,NA,NA
"834",NA,NA,NA,NA
"835",NA,NA,NA,NA
"836",NA,NA,NA,NA
"837",NA,NA,NA,NA
"838",NA,NA,NA,NA
"839",NA,NA,NA,NA
"840",NA,NA,NA,NA
"841",NA,NA,NA,NA
"842",NA,NA,NA,NA
"843",NA,NA,NA,NA
"844",NA,NA,NA,NA
"845",NA,NA,NA,NA
"846",NA,NA,NA,NA
"847",NA,NA,NA,NA
"848",NA,NA,NA,NA
"849",NA,NA,NA,NA
"850",NA,NA,NA,NA
"851",NA,NA,NA,NA
"852",NA,NA,NA,NA
"853",NA,NA,NA,NA
"854",NA,NA,NA,NA
"855",NA,NA,NA,NA
"856",NA,NA,NA,NA
"857",NA,NA,NA,NA
"858",NA,NA,NA,NA
"859",NA,NA,NA,NA
"860",NA,NA,NA,NA
"861",NA,NA,NA,NA
"862",NA,NA,NA,NA
"863",NA,NA,NA,NA
"864",NA,NA,NA,NA
"865",NA,NA,NA,NA
"866",NA,NA,NA,NA
"867",NA,NA,NA,NA
"868",NA,NA,NA,NA
"869",NA,NA,NA,NA
"870",NA,NA,NA,NA
"871",NA,NA,NA,NA
"872",NA,NA,NA,NA
"873",NA,NA,NA,NA
"874",NA,NA,NA,NA
"875",NA,NA,NA,NA
"876",NA,NA,NA,NA
"877",NA,NA,NA,NA
"878",NA,NA,NA,NA
"879",NA,NA,NA,NA
"880",NA,NA,NA,NA
"881",NA,NA,NA,NA
"882",NA,NA,NA,NA
"883",NA,NA,NA,NA
"884",NA,NA,NA,NA
"885",NA,NA,NA,NA
"886",NA,NA,NA,NA
"887",NA,NA,NA,NA
"888",NA,NA,NA,NA
"889",NA,NA,NA,NA
"890",NA,NA,NA,NA
"891",NA,NA,NA,NA
"892",NA,NA,NA,NA
"893",NA,NA,NA,NA
"894",NA,NA,NA,NA
"895",NA,NA,NA,NA
"896",NA,NA,NA,NA
"897",NA,NA,NA,NA
"898",NA,NA,NA,NA
"899",NA,NA,NA,NA
"900",NA,NA,NA,NA
"901",NA,NA,NA,NA
"902",NA,NA,NA,NA
"903",NA,NA,NA,NA
"904",NA,NA,NA,NA
"905",NA,NA,NA,NA
"906",NA,NA,NA,NA
"907",NA,NA,NA,NA
"908",NA,NA,NA,NA
"909",NA,NA,NA,NA
"910",NA,NA,NA,NA
"911",NA,NA,NA,NA
"912",NA,NA,NA,NA
"913",NA,NA,NA,NA
"914",NA,NA,NA,NA
"915",NA,NA,NA,NA
"916",NA,NA,NA,NA
"917",NA,NA,NA,NA
"918",NA,NA,NA,NA
"919",NA,NA,NA,NA
"920",NA,NA,NA,NA
"921",NA,NA,NA,NA
"922",NA,NA,NA,NA
"923",NA,NA,NA,NA
"924",NA,NA,NA,NA
"925",NA,NA,NA,NA
"926",NA,NA,NA,NA
"927",NA,NA,NA,NA
"928",NA,NA,NA,NA
"929",NA,NA,NA,NA
"930",NA,NA,NA,NA
"931",NA,NA,NA,NA
"932",NA,NA,NA,NA
"933",NA,NA,NA,NA
"934",NA,NA,NA,NA
"935",NA,NA,NA,NA
"936",NA,NA,NA,NA
"937",NA,NA,NA,NA
"938",NA,NA,NA,NA
"939",NA,NA,NA,NA
"940",NA,NA,NA,NA
"941",NA,NA,NA,NA
"942",NA,NA,NA,NA
"943",NA,NA,NA,NA
"944",NA,NA,NA,NA
"945",NA,NA,NA,NA
"946",NA,NA,NA,NA
"947",NA,NA,NA,NA
"948",NA,NA,NA,NA
"949",NA,NA,NA,NA
"950",NA,NA,NA,NA
"951",NA,NA,NA,NA
"952",NA,NA,NA,NA
"953",NA,NA,NA,NA
"954",NA,NA,NA,NA
"955",NA,NA,NA,NA
"956",NA,NA,NA,NA
"957",NA,NA,NA,NA
"958",NA,NA,NA,NA
"959",NA,NA,NA,NA
"960",NA,NA,NA,NA
"961",NA,NA,NA,NA
"962",NA,NA,NA,NA
"963",NA,NA,NA,NA
"964",NA,NA,NA,NA
"965",NA,NA,NA,NA
"966",NA,NA,NA,NA
"967",NA,NA,NA,NA
"968",NA,NA,NA,NA
"969",NA,NA,NA,NA
"970",NA,NA,NA,NA
"971",NA,NA,NA,NA
"972",NA,NA,NA,NA
"973",NA,NA,NA,NA
"974",NA,NA,NA,NA
"975",NA,NA,NA,NA
"976",NA,NA,NA,NA
"977",NA,NA,NA,NA
"978",NA,NA,NA,NA
"979",NA,NA,NA,NA
"980",NA,NA,NA,NA
"981",NA,NA,NA,NA
"982",NA,NA,NA,NA
"983",NA,NA,NA,NA
"984",NA,NA,NA,NA
"985",NA,NA,NA,NA
"986",NA,NA,NA,NA
"987",NA,NA,NA,NA
"988",NA,NA,NA,NA
"989",NA,NA,NA,NA
"990",NA,NA,NA,NA
"991",NA,NA,NA,NA
"992",NA,NA,NA,NA
"993",NA,NA,NA,NA
"994",NA,NA,NA,NA
"995",NA,NA,NA,NA
"996",NA,NA,NA,NA
"997",NA,NA,NA,NA
"998",NA,NA,NA,NA
"999",NA,NA,NA,NA
"1000",NA,NA,NA,NA
"1001",NA,NA,NA,NA
"1002",NA,NA,NA,NA
"1003",NA,NA,NA,NA
"1004",NA,NA,NA,NA
"1005",NA,NA,NA,NA
"1006",NA,NA,NA,NA
"1007",NA,NA,NA,NA
"1008",NA,NA,NA,NA
"1009",NA,NA,NA,NA
"1010",NA,NA,NA,NA
"1011",NA,NA,NA,NA
"1012",NA,NA,NA,NA
"1013",NA,NA,NA,NA
"1014",NA,NA,NA,NA
"1015",NA,NA,NA,NA
"1016",NA,NA,NA,NA
"1017",NA,NA,NA,NA
"1018",NA,NA,NA,NA
"1019",NA,NA,NA,NA
"1020",NA,NA,NA,NA
"1021",NA,NA,NA,NA
"1022",NA,NA,NA,NA
"1023",NA,NA,NA,NA
"1024",NA,NA,NA,NA
"1025",NA,NA,NA,NA
"1026",NA,NA,NA,NA
"1027",NA,NA,NA,NA
"1028",NA,NA,NA,NA
"1029",NA,NA,NA,NA
"1030",NA,NA,NA,NA
"1031",NA,NA,NA,NA
"1032",NA,NA,NA,NA
"1033",NA,NA,NA,NA
"1034",NA,NA,NA,NA
"1035",NA,NA,NA,NA
"1036",NA,NA,NA,NA
"1037",NA,NA,NA,NA
"1038",NA,NA,NA,NA
"1039",NA,NA,NA,NA
"1040",NA,NA,NA,NA
"1041",NA,NA,NA,NA
"1042",NA,NA,NA,NA
"1043",NA,NA,NA,NA
"1044",NA,NA,NA,NA
"1045",NA,NA,NA,NA
"1046",NA,NA,NA,NA
"1047",NA,NA,NA,NA
"1048",NA,NA,NA,NA
"1049",NA,NA,NA,NA
"1050",NA,NA,NA,NA
"1051",NA,NA,NA,NA
"1052",NA,NA,NA,NA
"1053",NA,NA,NA,NA
"1054",NA,NA,NA,NA
"1055",NA,NA,NA,NA
"1056",NA,NA,NA,NA
"1057",NA,NA,NA,NA
"1058",NA,NA,NA,NA
"1059",NA,NA,NA,NA
"1060",NA,NA,NA,NA
"1061",NA,NA,NA,NA
"1062",NA,NA,NA,NA
"1063",NA,NA,NA,NA
"1064",NA,NA,NA,NA
"1065",NA,NA,NA,NA
"1066",NA,NA,NA,NA
"1067",NA,NA,NA,NA
"1068",NA,NA,NA,NA
"1069",NA,NA,NA,NA
"1070",NA,NA,NA,NA
"1071",NA,NA,NA,NA
"1072",NA,NA,NA,NA
"1073",NA,NA,NA,NA
"1074",NA,NA,NA,NA
"1075",NA,NA,NA,NA
"1076",NA,NA,NA,NA
"1077",NA,NA,NA,NA
"1078",NA,NA,NA,NA
"1079",NA,NA,NA,NA
"1080",NA,NA,NA,NA
"1081",NA,NA,NA,NA
"1082",NA,NA,NA,NA
"1083",NA,NA,NA,NA
"1084",NA,NA,NA,NA
"1085",NA,NA,NA,NA
"1086",NA,NA,NA,NA
"1087",NA,NA,NA,NA
"1088",NA,NA,NA,NA
"1089",NA,NA,NA,NA
"1090",NA,NA,NA,NA
"1091",NA,NA,NA,NA
"1092",NA,NA,NA,NA
"1093",NA,NA,NA,NA
"1094",NA,NA,NA,NA
"1095",NA,NA,NA,NA
"1096",NA,NA,NA,NA
"1097",NA,NA,NA,NA
"1098",NA,NA,NA,NA
"1099",NA,NA,NA,NA
"1100",NA,NA,NA,NA
"1101",NA,NA,NA,NA
"1102",NA,NA,NA,NA
"1103",NA,NA,NA,NA
"1104",NA,NA,NA,NA
"1105",NA,NA,NA,NA
"1106",NA,NA,NA,NA
"1107",NA,NA,NA,NA
"1108",NA,NA,NA,NA
"1109",NA,NA,NA,NA
"1110",NA,NA,NA,NA
"1111",NA,NA,NA,NA
"1112",NA,NA,NA,NA
"1113",NA,NA,NA,NA
"1114",NA,NA,NA,NA
"1115",NA,NA,NA,NA
"1116",NA,NA,NA,NA
"1117",NA,NA,NA,NA
"1118",NA,NA,NA,NA
"1119",NA,NA,NA,NA
"1120",NA,NA,NA,NA
"1121",NA,NA,NA,NA
"1122",NA,NA,NA,NA
"1123",NA,NA,NA,NA
"1124",NA,NA,NA,NA
"1125",NA,NA,NA,NA
"1126",NA,NA,NA,NA
"1127",NA,NA,NA,NA
"1128",NA,NA,NA,NA
"1129",NA,NA,NA,NA
"1130",NA,NA,NA,NA
"1131",NA,NA,NA,NA
"1132",NA,NA,NA,NA
"1133",NA,NA,NA,NA
"1134",NA,NA,NA,NA
"1135",NA,NA,NA,NA
"1136",NA,NA,NA,NA
"1137",NA,NA,NA,NA
"1138",NA,NA,NA,NA
"1139",NA,NA,NA,NA
"1140",NA,NA,NA,NA
"1141",NA,NA,NA,NA
"1142",NA,NA,NA,NA
"1143",NA,NA,NA,NA
"1144",NA,NA,NA,NA
"1145",NA,NA,NA,NA
"1146",NA,NA,NA,NA
"1147",NA,NA,NA,NA
"1148",NA,NA,NA,NA
"1149",NA,NA,NA,NA
"1150",NA,NA,NA,NA
"1151",NA,NA,NA,NA
"1152",NA,NA,NA,NA
"1153",NA,NA,NA,NA
"1154",NA,NA,NA,NA
"1155",NA,NA,NA,NA
"1156",NA,NA,NA,NA
"1157",NA,NA,NA,NA
"1158",NA,NA,NA,NA
"1159",NA,NA,NA,NA
"1160",NA,NA,NA,NA
"1161",NA,NA,NA,NA
"1162",NA,NA,NA,NA
"1163",NA,NA,NA,NA
"1164",NA,NA,NA,NA
"1165",NA,NA,NA,NA
"1166",NA,NA,NA,NA
"1167",NA,NA,NA,NA
"1168",NA,NA,NA,NA
"1169",NA,NA,NA,NA
"1170",NA,NA,NA,NA
"1171",NA,NA,NA,NA
"1172",NA,NA,NA,NA
"1173",NA,NA,NA,NA
"1174",NA,NA,NA,NA
"1175",NA,NA,NA,NA
"1176",NA,NA,NA,NA
"1177",NA,NA,NA,NA
"1178",NA,NA,NA,NA
"1179",NA,NA,NA,NA
"1180",NA,NA,NA,NA
"1181",NA,NA,NA,NA
"1182",NA,NA,NA,NA
"1183",NA,NA,NA,NA
"1184",NA,NA,NA,NA
"1185",NA,NA,NA,NA
"1186",NA,NA,NA,NA
"1187",NA,NA,NA,NA
"1188",NA,NA,NA,NA
"1189",NA,NA,NA,NA
"1190",NA,NA,NA,NA
"1191",NA,NA,NA,NA
"1192",NA,NA,NA,NA
"1193",NA,NA,NA,NA
"1194",NA,NA,NA,NA
"1195",NA,NA,NA,NA
"1196",NA,NA,NA,NA
"1197",NA,NA,NA,NA
"1198",NA,NA,NA,NA
"1199",NA,NA,NA,NA
"1200",NA,NA,NA,NA
"1201",NA,NA,NA,NA
"1202",NA,NA,NA,NA
"1203",NA,NA,NA,NA
"1204",NA,NA,NA,NA
"1205",NA,NA,NA,NA
"1206",NA,NA,NA,NA
"1207",NA,NA,NA,NA
"1208",NA,NA,NA,NA
"1209",NA,NA,NA,NA
"1210",NA,NA,NA,NA
"1211",NA,NA,NA,NA
"1212",NA,NA,NA,NA
"1213",NA,NA,NA,NA
"1214",NA,NA,NA,NA
"1215",NA,NA,NA,NA
"1216",NA,NA,NA,NA
"1217",NA,NA,NA,NA
"1218",NA,NA,NA,NA
"1219",NA,NA,NA,NA
"1220",NA,NA,NA,NA
"1221",NA,NA,NA,NA
"1222",NA,NA,NA,NA
"1223",NA,NA,NA,NA
"1224",NA,NA,NA,NA
"1225",NA,NA,NA,NA
"1226",NA,NA,NA,NA
"1227",NA,NA,NA,NA
"1228",NA,NA,NA,NA
"1229",NA,NA,NA,NA
"1230",NA,NA,NA,NA
"1231",NA,NA,NA,NA
"1232",NA,NA,NA,NA
"1233",NA,NA,NA,NA
"1234",NA,NA,NA,NA
"1235",NA,NA,NA,NA
"1236",NA,NA,NA,NA
"1237",NA,NA,NA,NA
"1238",NA,NA,NA,NA
"1239",NA,NA,NA,NA
"1240",NA,NA,NA,NA
"1241",NA,NA,NA,NA
"1242",NA,NA,NA,NA
"1243",NA,NA,NA,NA
"1244",NA,NA,NA,NA
"1245",NA,NA,NA,NA
"1246",NA,NA,NA,NA
"1247",NA,NA,NA,NA
"1248",NA,NA,NA,NA
"1249",NA,NA,NA,NA
"1250",NA,NA,NA,NA
"1251",NA,NA,NA,NA
"1252",NA,NA,NA,NA
"1253",NA,NA,NA,NA
"1254",NA,NA,NA,NA
"1255",NA,NA,NA,NA
"1256",NA,NA,NA,NA
"1257",NA,NA,NA,NA
"1258",NA,NA,NA,NA
"1259",NA,NA,NA,NA
"1260",NA,NA,NA,NA
"1261",NA,NA,NA,NA
"1262",NA,NA,NA,NA
"1263",NA,NA,NA,NA
"1264",NA,NA,NA,NA
"1265",NA,NA,NA,NA
"1266",NA,NA,NA,NA
"1267",NA,NA,NA,NA
"1268",NA,NA,NA,NA
"1269",NA,NA,NA,NA
"1270",NA,NA,NA,NA
"1271",NA,NA,NA,NA
"1272",NA,NA,NA,NA
"1273",NA,NA,NA,NA
"1274",NA,NA,NA,NA
"1275",NA,NA,NA,NA
"1276",NA,NA,NA,NA
"1277",NA,NA,NA,NA
"1278",NA,NA,NA,NA
"1279",NA,NA,NA,NA
"1280",NA,NA,NA,NA
"1281",NA,NA,NA,NA
"1282",NA,NA,NA,NA
"1283",NA,NA,NA,NA
"1284",NA,NA,NA,NA
"1285",NA,NA,NA,NA
"1286",NA,NA,NA,NA
"1287",NA,NA,NA,NA
"1288",NA,NA,NA,NA
"1289",NA,NA,NA,NA
"1290",NA,NA,NA,NA
"1291",NA,NA,NA,NA
"1292",NA,NA,NA,NA
"1293",NA,NA,NA,NA
"1294",NA,NA,NA,NA
"1295",NA,NA,NA,NA
"1296",NA,NA,NA,NA
"1297",NA,NA,NA,NA
"1298",NA,NA,NA,NA
"1299",NA,NA,NA,NA
"1300",NA,NA,NA,NA
"1301",NA,NA,NA,NA
"1302",NA,NA,NA,NA
"1303",NA,NA,NA,NA
"1304",NA,NA,NA,NA
"1305",NA,NA,NA,NA
"1306",NA,NA,NA,NA
"1307",NA,NA,NA,NA
"1308",NA,NA,NA,NA
"1309",NA,NA,NA,NA
"1310",NA,NA,NA,NA
"1311",NA,NA,NA,NA
"1312",NA,NA,NA,NA
"1313",NA,NA,NA,NA
"1314",NA,NA,NA,NA
"1315",NA,NA,NA,NA
"1316",NA,NA,NA,NA
"1317",NA,NA,NA,NA
"1318",NA,NA,NA,NA
"1319",NA,NA,NA,NA
"1320",NA,NA,NA,NA
"1321",NA,NA,NA,NA
"1322",NA,NA,NA,NA
"1323",NA,NA,NA,NA
"1324",NA,NA,NA,NA
"1325",NA,NA,NA,NA
"1326",NA,NA,NA,NA
"1327",NA,NA,NA,NA
"1328",NA,NA,NA,NA
"1329",NA,NA,NA,NA
"1330",NA,NA,NA,NA
"1331",NA,NA,NA,NA
"1332",NA,NA,NA,NA
"1333",NA,NA,NA,NA
"1334",NA,NA,NA,NA
"1335",NA,NA,NA,NA
"1336",NA,NA,NA,NA
"1337",NA,NA,NA,NA
"1338",NA,NA,NA,NA
"1339",NA,NA,NA,NA
"1340",NA,NA,NA,NA
"1341",NA,NA,NA,NA
"1342",NA,NA,NA,NA
"1343",NA,NA,NA,NA
"1344",NA,NA,NA,NA
"1345",NA,NA,NA,NA
"1346",NA,NA,NA,NA
"1347",NA,NA,NA,NA
"1348",NA,NA,NA,NA
"1349",NA,NA,NA,NA
"1350",NA,NA,NA,NA
"1351",NA,NA,NA,NA
"1352",NA,NA,NA,NA
"1353",NA,NA,NA,NA
"1354",NA,NA,NA,NA
"1355",NA,NA,NA,NA
"1356",NA,NA,NA,NA
"1357",NA,NA,NA,NA
"1358",NA,NA,NA,NA
"1359",NA,NA,NA,NA
"1360",NA,NA,NA,NA
"1361",NA,NA,NA,NA
"1362",NA,NA,NA,NA
"1363",NA,NA,NA,NA
"1364",NA,NA,NA,NA
"1365",NA,NA,NA,NA
"1366",NA,NA,NA,NA
"1367",NA,NA,NA,NA
"1368",NA,NA,NA,NA
"1369",NA,NA,NA,NA
"1370",NA,NA,NA,NA
"1371",NA,NA,NA,NA
"1372",NA,NA,NA,NA
"1373",NA,NA,NA,NA
"1374",NA,NA,NA,NA
"1375",NA,NA,NA,NA
"1376",NA,NA,NA,NA
"1377",NA,NA,NA,NA
"1378",NA,NA,NA,NA
"1379",NA,NA,NA,NA
"1380",NA,NA,NA,NA
"1381",NA,NA,NA,NA
"1382",NA,NA,NA,NA
"1383",NA,NA,NA,NA
"1384",NA,NA,NA,NA
"1385",NA,NA,NA,NA
"1386",NA,NA,NA,NA
"1387",NA,NA,NA,NA
"1388",NA,NA,NA,NA
"1389",NA,NA,NA,NA
"1390",NA,NA,NA,NA
"1391",NA,NA,NA,NA
"1392",NA,NA,NA,NA
"1393",NA,NA,NA,NA
"1394",NA,NA,NA,NA
"1395",NA,NA,NA,NA
"1396",NA,NA,NA,NA
"1397",NA,NA,NA,NA
"1398",NA,NA,NA,NA
"1399",NA,NA,NA,NA
"1400",NA,NA,NA,NA
"1401",NA,NA,NA,NA
"1402",NA,NA,NA,NA
"1403",NA,NA,NA,NA
"1404",NA,NA,NA,NA
"1405",NA,NA,NA,NA
"1406",NA,NA,NA,NA
"1407",NA,NA,NA,NA
"1408",NA,NA,NA,NA
"1409",NA,NA,NA,NA
"1410",NA,NA,NA,NA
"1411",NA,NA,NA,NA
"1412",NA,NA,NA,NA
"1413",NA,NA,NA,NA
"1414",NA,NA,NA,NA
"1415",NA,NA,NA,NA
"1416",NA,NA,NA,NA
"1417",NA,NA,NA,NA
"1418",NA,NA,NA,NA
"1419",NA,NA,NA,NA
"1420",NA,NA,NA,NA
"1421",NA,NA,NA,NA
"1422",NA,NA,NA,NA
"1423",NA,NA,NA,NA
"1424",NA,NA,NA,NA
"1425",NA,NA,NA,NA
"1426",NA,NA,NA,NA
"1427",NA,NA,NA,NA
"1428",NA,NA,NA,NA
"1429",NA,NA,NA,NA
"1430",NA,NA,NA,NA
"1431",NA,NA,NA,NA
"1432",NA,NA,NA,NA
"1433",NA,NA,NA,NA
"1434",NA,NA,NA,NA
"1435",NA,NA,NA,NA
"1436",NA,NA,NA,NA
"1437",NA,NA,NA,NA
"1438",NA,NA,NA,NA
"1439",NA,NA,NA,NA
"1440",NA,NA,NA,NA
"1441",NA,NA,NA,NA
"1442",NA,NA,NA,NA
"1443",NA,NA,NA,NA
"1444",NA,NA,NA,NA
"1445",NA,NA,NA,NA
"1446",NA,NA,NA,NA
"1447",NA,NA,NA,NA
"1448",NA,NA,NA,NA
"1449",NA,NA,NA,NA
"1450",NA,NA,NA,NA
"1451",NA,NA,NA,NA
"1452",NA,NA,NA,NA
"1453",NA,NA,NA,NA
"1454",NA,NA,NA,NA
"1455",NA,NA,NA,NA
"1456",NA,NA,NA,NA
"1457",NA,NA,NA,NA
"1458",NA,NA,NA,NA
"1459",NA,NA,NA,NA
"1460",NA,NA,NA,NA
"1461",NA,NA,NA,NA
"1462",NA,NA,NA,NA
"1463",NA,NA,NA,NA
"1464",NA,NA,NA,NA
"1465",NA,NA,NA,NA
"1466",NA,NA,NA,NA
"1467",NA,NA,NA,NA
"1468",NA,NA,NA,NA
"1469",NA,NA,NA,NA
"1470",NA,NA,NA,NA
"1471",NA,NA,NA,NA
"1472",NA,NA,NA,NA
"1473",NA,NA,NA,NA
"1474",NA,NA,NA,NA
"1475",NA,NA,NA,NA
"1476",NA,NA,NA,NA
"1477",NA,NA,NA,NA
"1478",NA,NA,NA,NA
"1479",NA,NA,NA,NA
"1480",NA,NA,NA,NA
"1481",NA,NA,NA,NA
"1482",NA,NA,NA,NA
"1483",NA,NA,NA,NA
"1484",NA,NA,NA,NA
"1485",NA,NA,NA,NA
"1486",NA,NA,NA,NA
"1487",NA,NA,NA,NA
"1488",NA,NA,NA,NA
"1489",NA,NA,NA,NA
"1490",NA,NA,NA,NA
"1491",NA,NA,NA,NA
"1492",NA,NA,NA,NA
"1493",NA,NA,NA,NA
"1494",NA,NA,NA,NA
"1495",NA,NA,NA,NA
"1496",NA,NA,NA,NA
"1497",NA,NA,NA,NA
"1498",NA,NA,NA,NA
"1499",NA,NA,NA,NA
"1500",NA,NA,NA,NA
"1501",NA,NA,NA,NA
"1502",NA,NA,NA,NA
"1503",NA,NA,NA,NA
"1504",NA,NA,NA,NA
"1505",NA,NA,NA,NA
"1506",NA,NA,NA,NA
"1507",NA,NA,NA,NA
"1508",NA,NA,NA,NA
"1509",NA,NA,NA,NA
"1510",NA,NA,NA,NA
"1511",NA,NA,NA,NA
"1512",NA,NA,NA,NA
"1513",NA,NA,NA,NA
"1514",NA,NA,NA,NA
"1515",NA,NA,NA,NA
"1516",NA,NA,NA,NA
"1517",NA,NA,NA,NA
"1518",NA,NA,NA,NA
"1519",NA,NA,NA,NA
"1520",NA,NA,NA,NA
"1521",NA,NA,NA,NA
"1522",NA,NA,NA,NA
"1523",NA,NA,NA,NA
"1524",NA,NA,NA,NA
"1525",NA,NA,NA,NA
"1526",NA,NA,NA,NA
"1527",NA,NA,NA,NA
"1528",NA,NA,NA,NA
"1529",NA,NA,NA,NA
"1530",NA,NA,NA,NA
"1531",NA,NA,NA,NA
"1532",NA,NA,NA,NA
"1533",NA,NA,NA,NA
"1534",NA,NA,NA,NA
"1535",NA,NA,NA,NA
"1536",NA,NA,NA,NA
"1537",NA,NA,NA,NA
"1538",NA,NA,NA,NA
"1539",NA,NA,NA,NA
"1540",NA,NA,NA,NA
"1541",NA,NA,NA,NA
"1542",NA,NA,NA,NA
"1543",NA,NA,NA,NA
"1544",NA,NA,NA,NA
"1545",NA,NA,NA,NA
"1546",NA,NA,NA,NA
"1547",NA,NA,NA,NA
"1548",NA,NA,NA,NA
"1549",NA,NA,NA,NA
"1550",NA,NA,NA,NA
"1551",NA,NA,NA,NA
"1552",NA,NA,NA,NA
"1553",NA,NA,NA,NA
"1554",NA,NA,NA,NA
"1555",NA,NA,NA,NA
"1556",NA,NA,NA,NA
"1557",NA,NA,NA,NA
"1558",NA,NA,NA,NA
"1559",NA,NA,NA,NA
"1560",NA,NA,NA,NA
"1561",NA,NA,NA,NA
"1562",NA,NA,NA,NA
"1563",NA,NA,NA,NA
"1564",NA,NA,NA,NA
"1565",NA,NA,NA,NA
"1566",NA,NA,NA,NA
"1567",NA,NA,NA,NA
"1568",NA,NA,NA,NA
"1569",NA,NA,NA,NA
"1570",NA,NA,NA,NA
"1571",NA,NA,NA,NA
"1572",NA,NA,NA,NA
"1573",NA,NA,NA,NA
"1574",NA,NA,NA,NA
"1575",NA,NA,NA,NA
"1576",NA,NA,NA,NA
"1577",NA,NA,NA,NA
"1578",NA,NA,NA,NA
