"","individual.ID","temp.Cat","treatment","Temp.C","umol.chl.ug.hr","rate.type","light_dark","fragment.ID"
"3","PV11",20,"enriched",20.05572,13.4960158363142,"R","dark","PV11_D"
"4","PV21",20,"control",20.08838,15.4198023213074,"R","dark","PV21_D"
"5","PV29",20,"control",20.18218,45.1372249282456,"R","dark","PV29_D"
"6","PV3",20,"enriched",20.00136,26.7424894211758,"R","dark","PV3_D"
"7","PV30",20,"control",19.8988,59.4986672097495,"R","dark","PV30_D"
"8","PV32",20,"control",19.90368,31.0207765369908,"R","dark","PV32_D"
"9","PV6",20,"enriched",19.96544,63.3408796699141,"R","dark","PV6_D"
"10","PV8",20,"enriched",20.14974,59.3470221381574,"R","dark","PV8_D"
"13","PV11",22,"enriched",22.0115918367347,12.6727949846979,"R","dark","PV11_D"
"14","PV21",22,"control",22.0558979591837,15.4762603276788,"R","dark","PV21_D"
"15","PV29",22,"control",22.1608163265306,58.8643933969567,"R","dark","PV29_D"
"16","PV3",22,"enriched",22.1704081632653,20.9243989792797,"R","dark","PV3_D"
"17","PV30",22,"control",22.0276734693878,46.0440965439316,"R","dark","PV30_D"
"18","PV32",22,"control",21.8595306122449,31.0072773580752,"R","dark","PV32_D"
"19","PV6",22,"enriched",21.8133673469388,53.1704272540854,"R","dark","PV6_D"
"20","PV8",22,"enriched",22.0772040816327,50.7330270392936,"R","dark","PV8_D"
"23","PV11",24,"enriched",24.1790612244898,14.7005474569345,"R","dark","PV11_D"
"24","PV21",24,"control",24.2922448979592,17.2889955746468,"R","dark","PV21_D"
"25","PV29",24,"control",24.1457551020408,64.7745230767299,"R","dark","PV29_D"
"26","PV3",24,"enriched",24.1471020408163,23.5027102530029,"R","dark","PV3_D"
"27","PV30",24,"control",24.1633469387755,53.8615043957477,"R","dark","PV30_D"
"28","PV32",24,"control",24.0197959183673,36.3186827921404,"R","dark","PV32_D"
"29","PV6",24,"enriched",24.0782653061225,58.9093558191507,"R","dark","PV6_D"
"30","PV8",24,"enriched",24.1648775510204,54.4716149948161,"R","dark","PV8_D"
"33","PV11",28,"enriched",28.1515510204082,19.915559111682,"R","dark","PV11_D"
"34","PV21",28,"control",28.1482448979592,20.0254313773713,"R","dark","PV21_D"
"35","PV29",28,"control",28.2459795918367,50.5913415689961,"R","dark","PV29_D"
"36","PV3",28,"enriched",28.0580204081633,30.4006079878802,"R","dark","PV3_D"
"37","PV30",28,"control",28.124693877551,74.0247606310383,"R","dark","PV30_D"
"38","PV32",28,"control",27.91,38.6745264035367,"R","dark","PV32_D"
"39","PV6",28,"enriched",27.7887755102041,68.3277923052521,"R","dark","PV6_D"
"40","PV8",28,"enriched",28.1324897959184,62.8332844102956,"R","dark","PV8_D"
"43","PV11",30,"enriched",30.0843265306122,20.6741882868164,"R","dark","PV11_D"
"44","PV21",30,"control",30.0248775510204,21.6792179129502,"R","dark","PV21_D"
"45","PV29",30,"control",30.0482448979592,82.7566552517582,"R","dark","PV29_D"
"46","PV3",30,"enriched",30.0826326530612,33.1151173295537,"R","dark","PV3_D"
"47","PV30",30,"control",30.064306122449,84.7202072753201,"R","dark","PV30_D"
"48","PV32",30,"control",29.797,42.4520344590987,"R","dark","PV32_D"
"49","PV6",30,"enriched",29.8416326530612,80.2358865684854,"R","dark","PV6_D"
"50","PV8",30,"enriched",29.9758163265306,69.6418885723095,"R","dark","PV8_D"
"53","PV11",32,"enriched",31.9288163265306,22.5047446141254,"R","dark","PV11_D"
"54","PV21",32,"control",31.9399183673469,23.703372115841,"R","dark","PV21_D"
"55","PV29",32,"control",31.899612244898,87.3750661546482,"R","dark","PV29_D"
"56","PV3",32,"enriched",31.8390816326531,34.0106742749333,"R","dark","PV3_D"
"57","PV30",32,"control",31.917612244898,86.1101888384614,"R","dark","PV30_D"
"58","PV32",32,"control",31.7595510204082,46.7267702249758,"R","dark","PV32_D"
"59","PV6",32,"enriched",31.7681428571429,91.1601565794356,"R","dark","PV6_D"
"60","PV8",32,"enriched",31.9535510204082,80.4444390576569,"R","dark","PV8_D"
"63","PV11",34,"enriched",33.8838367346939,27.9723445170395,"R","dark","PV11_D"
"64","PV21",34,"control",33.817387755102,29.3973510184375,"R","dark","PV21_D"
"65","PV29",34,"control",33.9454285714286,108.4876808423,"R","dark","PV29_D"
"66","PV3",34,"enriched",33.853387755102,41.8911172496434,"R","dark","PV3_D"
"67","PV30",34,"control",33.922693877551,101.37858965935,"R","dark","PV30_D"
"68","PV32",34,"control",33.7732040816326,53.8950934119165,"R","dark","PV32_D"
"69","PV6",34,"enriched",33.6728367346939,104.875834338401,"R","dark","PV6_D"
"70","PV8",34,"enriched",33.9307551020408,97.9662459463635,"R","dark","PV8_D"
"73","PV11",36,"enriched",35.9318775510204,23.3833661712987,"R","dark","PV11_D"
"74","PV21",36,"control",36.0610204081633,27.0186016732474,"R","dark","PV21_D"
"75","PV29",36,"control",35.9297755102041,105.651826267868,"R","dark","PV29_D"
"76","PV3",36,"enriched",35.7964285714286,38.1561159468754,"R","dark","PV3_D"
"77","PV30",36,"control",35.9397959183673,100.514477827249,"R","dark","PV30_D"
"78","PV32",36,"control",35.676612244898,55.3014316754519,"R","dark","PV32_D"
"79","PV6",36,"enriched",35.7440816326531,103.246496581564,"R","dark","PV6_D"
"80","PV8",36,"enriched",35.9214285714286,100.465832550545,"R","dark","PV8_D"
"83","PV11",37,"enriched",36.7851020408163,20.7808858881293,"R","dark","PV11_D"
"84","PV21",37,"control",36.8616734693878,24.0577684705701,"R","dark","PV21_D"
"85","PV29",37,"control",36.8572040816327,102.955999223887,"R","dark","PV29_D"
"86","PV3",37,"enriched",36.8717142857143,33.8165642074285,"R","dark","PV3_D"
"87","PV30",37,"control",36.9401224489796,96.8188161166725,"R","dark","PV30_D"
"88","PV32",37,"control",36.6340612244898,52.7050703321337,"R","dark","PV32_D"
"89","PV6",37,"enriched",36.7548775510204,92.3882972659937,"R","dark","PV6_D"
"90","PV8",37,"enriched",36.6736326530612,92.8659623504113,"R","dark","PV8_D"
"93","PV11",38,"enriched",38.0915918367347,20.6633856397464,"R","dark","PV11_D"
"94","PV21",38,"control",38.0779795918367,21.0911516536892,"R","dark","PV21_D"
"95","PV29",38,"control",38.0641836734694,82.6662040388445,"R","dark","PV29_D"
"96","PV3",38,"enriched",38.1017551020408,29.5873271140808,"R","dark","PV3_D"
"97","PV30",38,"control",38.2048163265306,87.987570682458,"R","dark","PV30_D"
"98","PV32",38,"control",37.9142448979592,43.4392788263632,"R","dark","PV32_D"
"99","PV6",38,"enriched",37.9127142857143,75.3585876210686,"R","dark","PV6_D"
"100","PV8",38,"enriched",38.2564081632653,78.4155350137985,"R","dark","PV8_D"
"103","PV11",39,"enriched",39.0563673469388,20.077693078408,"R","dark","PV11_D"
"104","PV21",39,"control",38.9345306122449,19.5155204971592,"R","dark","PV21_D"
"105","PV29",39,"control",39.0065102040816,75.6522694434865,"R","dark","PV29_D"
"106","PV3",39,"enriched",38.9307142857143,27.2251000327512,"R","dark","PV3_D"
"107","PV30",39,"control",38.9984285714286,87.1988960675959,"R","dark","PV30_D"
"108","PV32",39,"control",38.7342244897959,40.5105238486872,"R","dark","PV32_D"
"109","PV6",39,"enriched",38.7416530612245,77.0914208654126,"R","dark","PV6_D"
"110","PV8",39,"enriched",39.0943469387755,71.3678877281814,"R","dark","PV8_D"
"113","PV1",20,"enriched",20.071,15.11670141859,"R","dark","PV1_D"
"114","PV13",20,"enriched",20.0547142857143,11.6912912559309,"R","dark","PV13_D"
"115","PV17",20,"control",20.0495510204082,40.830404501036,"R","dark","PV17_D"
"116","PV19",20,"control",20.1027551020408,11.429041660212,"R","dark","PV19_D"
"117","PV2",20,"enriched",20.0409795918367,23.2498027306597,"R","dark","PV2_D"
"118","PV23",20,"control",19.8510612244898,15.2482805368011,"R","dark","PV23_D"
"119","PV25",20,"control",20.3396734693878,16.0750323495131,"R","dark","PV25_D"
"120","PV7",20,"enriched",19.8533469387755,17.8117081424324,"R","dark","PV7_D"
"123","PV1",22,"enriched",21.8827551020408,16.2743454254283,"R","dark","PV1_D"
"124","PV13",22,"enriched",21.8926326530612,12.072573063567,"R","dark","PV13_D"
"125","PV17",22,"control",21.8092040816327,38.4453014868301,"R","dark","PV17_D"
"126","PV19",22,"control",21.897306122449,10.944691442764,"R","dark","PV19_D"
"127","PV2",22,"enriched",21.7693469387755,23.8509960933776,"R","dark","PV2_D"
"128","PV23",22,"control",21.7409795918367,18.1322874132371,"R","dark","PV23_D"
"129","PV25",22,"control",21.9585714285714,17.4350454624547,"R","dark","PV25_D"
"130","PV7",22,"enriched",21.6704897959184,21.7415505109817,"R","dark","PV7_D"
"133","PV1",24,"enriched",23.9300204081633,18.4360574864962,"R","dark","PV1_D"
"134","PV13",24,"enriched",23.9142857142857,13.4189827374721,"R","dark","PV13_D"
"135","PV17",24,"control",23.8946326530612,43.5393613136613,"R","dark","PV17_D"
"136","PV19",24,"control",24.0180816326531,13.280013494498,"R","dark","PV19_D"
"137","PV2",24,"enriched",23.8748163265306,26.5065381287199,"R","dark","PV2_D"
"138","PV23",24,"control",23.7541836734694,21.8307109800666,"R","dark","PV23_D"
"139","PV25",24,"control",23.9768367346939,18.0302110375165,"R","dark","PV25_D"
"140","PV7",24,"enriched",23.7412857142857,24.9400959941986,"R","dark","PV7_D"
"143","PV1",28,"enriched",28.1642448979592,21.7002831698884,"R","dark","PV1_D"
"144","PV13",28,"enriched",28.1490816326531,17.1127711089224,"R","dark","PV13_D"
"145","PV17",28,"control",28.0672857142857,58.5849449193749,"R","dark","PV17_D"
"146","PV19",28,"control",28.1618571428571,16.761635252749,"R","dark","PV19_D"
"147","PV2",28,"enriched",28.137387755102,34.4454665207217,"R","dark","PV2_D"
"148","PV23",28,"control",28.0591428571429,28.0194563618276,"R","dark","PV23_D"
"149","PV25",28,"control",28.2702040816327,21.3382898168325,"R","dark","PV25_D"
"150","PV7",28,"enriched",27.9887959183673,31.8422597515354,"R","dark","PV7_D"
"153","PV1",30,"enriched",30.0987346938775,21.5109446043257,"R","dark","PV1_D"
"154","PV13",30,"enriched",29.9944693877551,18.1473655810424,"R","dark","PV13_D"
"155","PV17",30,"control",30.0380816326531,59.832615048207,"R","dark","PV17_D"
"156","PV19",30,"control",30.1620612244898,17.33062752051,"R","dark","PV19_D"
"157","PV2",30,"enriched",29.9840408163265,37.0194338545039,"R","dark","PV2_D"
"158","PV23",30,"control",29.9365918367347,32.6946432969604,"R","dark","PV23_D"
"159","PV25",30,"control",30.1279795918367,20.7845512977369,"R","dark","PV25_D"
"160","PV7",30,"enriched",29.8851632653061,32.4608266276015,"R","dark","PV7_D"
"163","PV1",32,"enriched",31.897641509434,25.0060446540695,"R","dark","PV1_D"
"164","PV13",32,"enriched",31.8545,18.5381917474455,"R","dark","PV13_D"
"165","PV17",32,"control",31.8675740740741,60.2790295785911,"R","dark","PV17_D"
"166","PV19",32,"control",31.9411481481481,18.9780159224503,"R","dark","PV19_D"
"167","PV2",32,"enriched",31.8688333333333,41.7488610457026,"R","dark","PV2_D"
"168","PV23",32,"control",31.7065471698113,33.948291849734,"R","dark","PV23_D"
"169","PV25",32,"control",31.9034074074074,23.944050008124,"R","dark","PV25_D"
"170","PV7",32,"enriched",31.7185185185185,37.1889332846569,"R","dark","PV7_D"
"173","PV1",34,"enriched",33.728,26.1862105841928,"R","dark","PV1_D"
"174","PV13",34,"enriched",33.7516530612245,21.5355001464433,"R","dark","PV13_D"
"175","PV17",34,"control",33.5861224489796,67.6376030075564,"R","dark","PV17_D"
"176","PV19",34,"control",33.9858979591837,21.1253587010821,"R","dark","PV19_D"
"177","PV2",34,"enriched",33.9690204081633,42.3309329804789,"R","dark","PV2_D"
"178","PV23",34,"control",33.6115510204082,32.5071178195869,"R","dark","PV23_D"
"179","PV25",34,"control",34.0367959183673,27.3021747091535,"R","dark","PV25_D"
"180","PV7",34,"enriched",33.6326326530612,38.4583585153106,"R","dark","PV7_D"
"183","PV1",36,"enriched",35.5679285714286,26.4116331106776,"R","dark","PV1_D"
"184","PV13",36,"enriched",35.9297678571429,20.1969843463873,"R","dark","PV13_D"
"185","PV17",36,"control",35.6415714285714,66.8116240358593,"R","dark","PV17_D"
"186","PV19",36,"control",36.1386964285714,17.5698379130128,"R","dark","PV19_D"
"187","PV2",36,"enriched",35.8686785714286,39.2312636125802,"R","dark","PV2_D"
"188","PV23",36,"control",35.7790357142857,29.094561146962,"R","dark","PV23_D"
"189","PV25",36,"control",36.0983392857143,27.272801787187,"R","dark","PV25_D"
"190","PV7",36,"enriched",35.9140892857143,38.6452986496115,"R","dark","PV7_D"
"193","PV1",37,"enriched",36.9317959183673,21.4888905007369,"R","dark","PV1_D"
"194","PV13",37,"enriched",36.9512040816327,18.1367158683864,"R","dark","PV13_D"
"195","PV17",37,"control",36.9182857142857,60.5472261322587,"R","dark","PV17_D"
"196","PV19",37,"control",37.0829387755102,15.9813028979952,"R","dark","PV19_D"
"197","PV2",37,"enriched",36.8912653061224,31.1083857764341,"R","dark","PV2_D"
"198","PV23",37,"control",36.7914897959184,23.372872614926,"R","dark","PV23_D"
"199","PV25",37,"control",37.1061428571429,25.446559358818,"R","dark","PV25_D"
"200","PV7",37,"enriched",36.8345714285714,29.5987993620111,"R","dark","PV7_D"
"203","PV1",38,"enriched",38.2048367346939,20.6251019649658,"R","dark","PV1_D"
"204","PV13",38,"enriched",38.093306122449,17.2706108374202,"R","dark","PV13_D"
"205","PV17",38,"control",38.1811428571429,49.0277333615919,"R","dark","PV17_D"
"206","PV19",38,"control",38.1546530612245,16.6717298090171,"R","dark","PV19_D"
"207","PV2",38,"enriched",38.1833265306122,26.2459952602856,"R","dark","PV2_D"
"208","PV23",38,"control",37.993693877551,21.9182906142908,"R","dark","PV23_D"
"209","PV25",38,"control",38.2779183673469,22.6793903895156,"R","dark","PV25_D"
"210","PV7",38,"enriched",38.0258775510204,26.8437468179961,"R","dark","PV7_D"
"213","PV1",39,"enriched",38.9900612244898,19.362793101564,"R","dark","PV1_D"
"214","PV13",39,"enriched",38.9277142857143,16.0392603017774,"R","dark","PV13_D"
"215","PV17",39,"control",38.9223469387755,46.8157840434191,"R","dark","PV17_D"
"216","PV19",39,"control",39.0398979591837,16.5561782718215,"R","dark","PV19_D"
"217","PV2",39,"enriched",39.0409795918367,23.9574458473138,"R","dark","PV2_D"
"218","PV23",39,"control",38.9093469387755,17.9404822266269,"R","dark","PV23_D"
"219","PV25",39,"control",39.1402653061225,19.9374754852833,"R","dark","PV25_D"
"220","PV7",39,"enriched",38.8788571428571,26.0175661681408,"R","dark","PV7_D"
"223","PV10",20,"enriched",20.1951020408163,11.0463573538032,"R","dark","PV10_D"
"224","PV18",20,"control",19.9238775510204,25.7443034227153,"R","dark","PV18_D"
"225","PV20",20,"control",19.980612244898,25.81036419769,"R","dark","PV20_D"
"226","PV22",20,"control",20.0742040816327,12.542356345945,"R","dark","PV22_D"
"227","PV24",20,"control",20.0370612244898,10.1110550172647,"R","dark","PV24_D"
"228","PV4",20,"enriched",20.1530816326531,8.48885426808832,"R","dark","PV4_D"
"229","PV5",20,"enriched",20.1988163265306,17.1002297209915,"R","dark","PV5_D"
"230","PV9",20,"enriched",20.2010408163265,13.2756267998453,"R","dark","PV9_D"
"233","PV10",22,"enriched",22.1609795918367,13.4386037005408,"R","dark","PV10_D"
"234","PV18",22,"control",21.9568571428571,22.2897934477508,"R","dark","PV18_D"
"235","PV20",22,"control",22.0110612244898,26.7016213380455,"R","dark","PV20_D"
"236","PV22",22,"control",22.0162448979592,15.1061285719295,"R","dark","PV22_D"
"237","PV24",22,"control",21.9207551020408,10.3471900074428,"R","dark","PV24_D"
"238","PV4",22,"enriched",22.0567346938776,9.1845513623633,"R","dark","PV4_D"
"239","PV5",22,"enriched",22.0771020408163,15.4370248061739,"R","dark","PV5_D"
"240","PV9",22,"enriched",22.1126734693878,12.9195218313121,"R","dark","PV9_D"
"243","PV10",24,"enriched",24.3141,15.8760865563072,"R","dark","PV10_D"
"244","PV18",24,"control",24.14142,24.1466606664188,"R","dark","PV18_D"
"245","PV20",24,"control",24.23906,31.0678008817654,"R","dark","PV20_D"
"246","PV22",24,"control",24.26382,18.3239846514781,"R","dark","PV22_D"
"247","PV24",24,"control",24.17066,11.6755157954253,"R","dark","PV24_D"
"248","PV4",24,"enriched",24.17588,10.6016775927799,"R","dark","PV4_D"
"249","PV5",24,"enriched",24.2643,17.34004650997,"R","dark","PV5_D"
"250","PV9",24,"enriched",24.32692,15.4438909759821,"R","dark","PV9_D"
"253","PV10",28,"enriched",28.2759387755102,20.6110330923905,"R","dark","PV10_D"
"254","PV18",28,"control",28.0611836734694,28.3157980204068,"R","dark","PV18_D"
"255","PV20",28,"control",28.2094081632653,36.5596277640669,"R","dark","PV20_D"
"256","PV22",28,"control",28.2214897959184,20.1809093796314,"R","dark","PV22_D"
"257","PV24",28,"control",28.1428775510204,14.216519727586,"R","dark","PV24_D"
"258","PV4",28,"enriched",28.068,12.2900938872068,"R","dark","PV4_D"
"259","PV5",28,"enriched",28.1994489795918,20.0156064245477,"R","dark","PV5_D"
"260","PV9",28,"enriched",28.2845510204082,18.6078664525096,"R","dark","PV9_D"
"263","PV10",30,"enriched",30.0036326530612,22.0279427954708,"R","dark","PV10_D"
"264","PV18",30,"control",29.8315102040816,33.167741683999,"R","dark","PV18_D"
"265","PV20",30,"control",29.9669183673469,39.6428668287957,"R","dark","PV20_D"
"266","PV22",30,"control",30.01,21.4957969972856,"R","dark","PV22_D"
"267","PV24",30,"control",29.9631428571429,17.3236424611968,"R","dark","PV24_D"
"268","PV4",30,"enriched",29.9628163265306,13.9615748125808,"R","dark","PV4_D"
"269","PV5",30,"enriched",29.9580816326531,24.1302367653041,"R","dark","PV5_D"
"270","PV9",30,"enriched",30.0588571428571,20.8272417461493,"R","dark","PV9_D"
"273","PV10",32,"enriched",31.9251632653061,25.0675206189549,"R","dark","PV10_D"
"274","PV18",32,"control",31.7169795918367,36.7367449852227,"R","dark","PV18_D"
"275","PV20",32,"control",31.8691020408163,52.0063844153013,"R","dark","PV20_D"
"276","PV22",32,"control",31.9331020408163,24.2455773552333,"R","dark","PV22_D"
"277","PV24",32,"control",31.8686326530612,19.1696983980544,"R","dark","PV24_D"
"278","PV4",32,"enriched",31.8083469387755,15.4360784064733,"R","dark","PV4_D"
"279","PV5",32,"enriched",31.8721632653061,25.5059063331921,"R","dark","PV5_D"
"280","PV9",32,"enriched",31.9740816326531,21.2347767843435,"R","dark","PV9_D"
"283","PV10",34,"enriched",34.0326734693878,25.9684606809359,"R","dark","PV10_D"
"284","PV18",34,"control",33.8292448979592,41.8479260055605,"R","dark","PV18_D"
"285","PV20",34,"control",34.1435714285714,56.3187975915268,"R","dark","PV20_D"
"286","PV22",34,"control",33.9720816326531,27.3453088536606,"R","dark","PV22_D"
"287","PV24",34,"control",33.892306122449,21.2794238928745,"R","dark","PV24_D"
"288","PV4",34,"enriched",34.0043469387755,18.5210993501071,"R","dark","PV4_D"
"289","PV5",34,"enriched",33.9045306122449,31.410408154489,"R","dark","PV5_D"
"290","PV9",34,"enriched",34.1022857142857,26.4135657913772,"R","dark","PV9_D"
"293","PV10",36,"enriched",36.2284693877551,24.3251128193445,"R","dark","PV10_D"
"294","PV18",36,"control",35.9717959183673,34.9144917093055,"R","dark","PV18_D"
"295","PV20",36,"control",36.0862244897959,48.824439027838,"R","dark","PV20_D"
"296","PV22",36,"control",36.2595,28.1181691363368,"R","dark","PV22_D"
"297","PV24",36,"control",35.9250816326531,19.3276752172811,"R","dark","PV24_D"
"298","PV4",36,"enriched",36.1159591836735,17.7862297850977,"R","dark","PV4_D"
"299","PV5",36,"enriched",36.1188571428571,29.2296589736503,"R","dark","PV5_D"
"300","PV9",36,"enriched",36.3026734693878,20.7622656848228,"R","dark","PV9_D"
"303","PV10",37,"enriched",36.9787755102041,20.0560271152686,"R","dark","PV10_D"
"304","PV18",37,"control",36.6884897959184,32.3495294809055,"R","dark","PV18_D"
"305","PV20",37,"control",36.9135102040816,42.6432781382832,"R","dark","PV20_D"
"306","PV22",37,"control",36.9301632653061,25.582011145165,"R","dark","PV22_D"
"307","PV24",37,"control",36.7878979591837,17.9560867469607,"R","dark","PV24_D"
"308","PV4",37,"enriched",36.823612244898,15.0746985887351,"R","dark","PV4_D"
"309","PV5",37,"enriched",36.8743673469388,25.549776952569,"R","dark","PV5_D"
"310","PV9",37,"enriched",37.0282857142857,16.4333663127849,"R","dark","PV9_D"
"313","PV10",38,"enriched",37.9069795918367,18.1202695065992,"R","dark","PV10_D"
"314","PV18",38,"control",38.058693877551,6.91414856052738,"R","dark","PV18_D"
"315","PV20",38,"control",37.8134285714286,36.1607781731557,"R","dark","PV20_D"
"316","PV22",38,"control",37.9227142857143,20.1694826482008,"R","dark","PV22_D"
"317","PV24",38,"control",38.1228571428571,15.3118650996065,"R","dark","PV24_D"
"318","PV4",38,"enriched",38.0654693877551,13.9248986292878,"R","dark","PV4_D"
"319","PV5",38,"enriched",38.0917755102041,22.6768656878419,"R","dark","PV5_D"
"320","PV9",38,"enriched",37.9940612244898,13.3727577443282,"R","dark","PV9_D"
"322","PV10",39,"enriched",39.1183958333333,13.970179481065,"R","dark","PV10_D"
"323","PV18",39,"control",38.7010416666667,29.6342018598856,"R","dark","PV18_D"
"324","PV20",39,"control",39.0467346938776,32.687237654762,"R","dark","PV20_D"
"325","PV22",39,"control",39.0851458333333,19.2389249239579,"R","dark","PV22_D"
"326","PV24",39,"control",38.9780204081633,15.2295527421212,"R","dark","PV24_D"
"327","PV4",39,"enriched",38.902612244898,14.1533183298706,"R","dark","PV4_D"
"328","PV5",39,"enriched",38.8969375,24.3977549839681,"R","dark","PV5_D"
"329","PV9",39,"enriched",39.2268541666667,9.25044029410391,"R","dark","PV9_D"
"332","PV12",20,"enriched",20.1142040816327,10.7335463732974,"R","dark","PV12_D"
"333","PV14",20,"enriched",20.0947142857143,21.5973635624992,"R","dark","PV14_D"
"334","PV15",20,"enriched",20.0418367346939,41.224184079987,"R","dark","PV15_D"
"335","PV16",20,"enriched",20.0931632653061,9.33108776179346,"R","dark","PV16_D"
"336","PV26",20,"control",20.2141632653061,13.8746554882842,"R","dark","PV26_D"
"337","PV27",20,"control",20.206125,53.741962739565,"R","dark","PV27_D"
"338","PV28",20,"control",19.9975102040816,14.0125155993686,"R","dark","PV28_D"
"339","PV31",20,"control",20.1067142857143,76.8073266655953,"R","dark","PV31_D"
"342","PV12",22,"enriched",21.909306122449,10.1193437362364,"R","dark","PV12_D"
"343","PV14",22,"enriched",21.9418163265306,21.3300731734844,"R","dark","PV14_D"
"344","PV15",22,"enriched",21.942306122449,49.0133072730033,"R","dark","PV15_D"
"345","PV16",22,"enriched",22.0255714285714,9.15663305098006,"R","dark","PV16_D"
"346","PV26",22,"control",21.9934693877551,18.0999272403997,"R","dark","PV26_D"
"347","PV27",22,"control",22.0541632653061,53.7880440236672,"R","dark","PV27_D"
"348","PV28",22,"control",21.8362448979592,14.4171532116475,"R","dark","PV28_D"
"349","PV31",22,"control",21.9694285714286,75.4191051498042,"R","dark","PV31_D"
"352","PV12",24,"enriched",24.0540204081633,11.1244813631804,"R","dark","PV12_D"
"353","PV14",24,"enriched",24.0185833333333,22.9722737350151,"R","dark","PV14_D"
"354","PV15",24,"enriched",23.8648541666667,55.9380339876329,"R","dark","PV15_D"
"355","PV16",24,"enriched",24.064693877551,10.2249530972532,"R","dark","PV16_D"
"356","PV26",24,"control",24.13525,29.5113571001081,"R","dark","PV26_D"
"357","PV27",24,"control",24.1408333333333,58.3834964078832,"R","dark","PV27_D"
"358","PV28",24,"control",23.7919591836735,16.3467507568372,"R","dark","PV28_D"
"359","PV31",24,"control",23.9959166666667,81.0927145536753,"R","dark","PV31_D"
"362","PV12",28,"enriched",28.22346,15.3394616248174,"R","dark","PV12_D"
"363","PV14",28,"enriched",28.03632,29.9314914147995,"R","dark","PV14_D"
"364","PV15",28,"enriched",27.89396,66.8107888398519,"R","dark","PV15_D"
"365","PV16",28,"enriched",28.04202,12.2666573815287,"R","dark","PV16_D"
"366","PV26",28,"control",28.02544,24.3783263867806,"R","dark","PV26_D"
"367","PV27",28,"control",28.22178,75.7551601566039,"R","dark","PV27_D"
"368","PV28",28,"control",27.99206,19.4976678162673,"R","dark","PV28_D"
"369","PV31",28,"control",28.186,96.4852704893396,"R","dark","PV31_D"
"372","PV12",30,"enriched",30.09575,16.6422682413995,"R","dark","PV12_D"
"373","PV14",30,"enriched",30.050375,30.0037650149761,"R","dark","PV14_D"
"374","PV15",30,"enriched",29.9820816326531,74.3391343527839,"R","dark","PV15_D"
"375","PV16",30,"enriched",30.0729591836735,11.9487674213042,"R","dark","PV16_D"
"376","PV26",30,"control",30.1820625,24.2765999026691,"R","dark","PV26_D"
"377","PV27",30,"control",30.1922857142857,78.318046595171,"R","dark","PV27_D"
"378","PV28",30,"control",29.9133125,19.8768652850958,"R","dark","PV28_D"
"379","PV31",30,"control",30.0826326530612,98.6365543335056,"R","dark","PV31_D"
"382","PV12",32,"enriched",31.8875918367347,18.4693460752795,"R","dark","PV12_D"
"383","PV14",32,"enriched",31.8458775510204,34.0590953550101,"R","dark","PV14_D"
"384","PV15",32,"enriched",31.7672040816327,72.3080528237642,"R","dark","PV15_D"
"385","PV16",32,"enriched",31.8987346938776,13.0846293360336,"R","dark","PV16_D"
"386","PV26",32,"control",31.9149183673469,29.8902346400269,"R","dark","PV26_D"
"387","PV27",32,"control",31.9669591836735,87.6894506196401,"R","dark","PV27_D"
"388","PV28",32,"control",31.7658571428571,24.6328037646811,"R","dark","PV28_D"
"389","PV31",32,"control",31.8930612244898,110.010778739283,"R","dark","PV31_D"
"392","PV12",34,"enriched",33.7205416666667,20.7093393652089,"R","dark","PV12_D"
"393","PV14",34,"enriched",33.7150208333333,36.1512130276749,"R","dark","PV14_D"
"394","PV15",34,"enriched",33.5798541666667,87.2079742676013,"R","dark","PV15_D"
"395","PV16",34,"enriched",33.612125,13.8138402807651,"R","dark","PV16_D"
"396","PV26",34,"control",33.7058958333333,33.3299948058971,"R","dark","PV26_D"
"397","PV27",34,"control",33.8284791666667,105.469142974716,"R","dark","PV27_D"
"398","PV28",34,"control",33.577625,26.0245302375766,"R","dark","PV28_D"
"399","PV31",34,"control",33.72175,129.901591260625,"R","dark","PV31_D"
"402","PV12",36,"enriched",35.8215471698113,21.0616286545183,"R","dark","PV12_D"
"403","PV14",36,"enriched",35.6842641509434,37.8485057869597,"R","dark","PV14_D"
"404","PV15",36,"enriched",35.8940943396226,85.7364206815309,"R","dark","PV15_D"
"405","PV16",36,"enriched",35.5739811320755,13.135433387266,"R","dark","PV16_D"
"406","PV26",36,"control",35.8553773584906,31.0685283912341,"R","dark","PV26_D"
"407","PV27",36,"control",36.0577735849057,96.6165319850253,"R","dark","PV27_D"
"408","PV28",36,"control",35.5873962264151,26.9716768286969,"R","dark","PV28_D"
"409","PV31",36,"control",35.7668113207547,125.086725276824,"R","dark","PV31_D"
"412","PV12",37,"enriched",36.7565714285714,17.473246433695,"R","dark","PV12_D"
"413","PV14",37,"enriched",36.762693877551,32.5244571302832,"R","dark","PV14_D"
"414","PV15",37,"enriched",36.7555714285714,73.4784988103933,"R","dark","PV15_D"
"415","PV16",37,"enriched",36.8602653061225,11.0158539428693,"R","dark","PV16_D"
"416","PV26",37,"control",36.8496326530612,26.4670019287903,"R","dark","PV26_D"
"417","PV27",37,"control",37.0319795918367,85.4617603788391,"R","dark","PV27_D"
"418","PV28",37,"control",36.5787959183673,23.762963557417,"R","dark","PV28_D"
"419","PV31",37,"control",36.7991428571429,106.469899039278,"R","dark","PV31_D"
"422","PV12",38,"enriched",38.0383673469388,14.5558927316025,"R","dark","PV12_D"
"423","PV14",38,"enriched",38.0996875,29.078255698093,"R","dark","PV14_D"
"424","PV15",38,"enriched",37.9615625,60.2741772704668,"R","dark","PV15_D"
"425","PV16",38,"enriched",38.0651666666667,9.31837370614119,"R","dark","PV16_D"
"426","PV26",38,"control",38.1187551020408,22.8449613933676,"R","dark","PV26_D"
"427","PV27",38,"control",38.1701458333333,73.6115466525312,"R","dark","PV27_D"
"428","PV28",38,"control",37.9162857142857,20.3315310987444,"R","dark","PV28_D"
"429","PV31",38,"control",38.0586041666667,82.6505470558631,"R","dark","PV31_D"
"432","PV11",20,"enriched",20.3807551020408,43.6287315758546,"NP","light","PV11_L"
"433","PV21",20,"control",20.506693877551,14.9263327584342,"NP","light","PV21_L"
"434","PV29",20,"control",20.1648979591837,65.6166502648258,"NP","light","PV29_L"
"435","PV3",20,"enriched",20.4065102040816,23.826090399213,"NP","light","PV3_L"
"436","PV30",20,"control",20.2087142857143,38.9968729432502,"NP","light","PV30_L"
"437","PV32",20,"control",20.0563469387755,20.7349337752115,"NP","light","PV32_L"
"438","PV6",20,"enriched",20.2723469387755,67.9299895936365,"NP","light","PV6_L"
"439","PV8",20,"enriched",20.2001632653061,81.0996475887752,"NP","light","PV8_L"
"442","PV11",22,"enriched",22.1185306122449,57.8315142350508,"NP","light","PV11_L"
"443","PV21",22,"control",22.1303469387755,17.0050682135211,"NP","light","PV21_L"
"444","PV29",22,"control",22.1939183673469,54.102034281804,"NP","light","PV29_L"
"445","PV3",22,"enriched",22.1888571428571,31.0882075331117,"NP","light","PV3_L"
"446","PV30",22,"control",22.1740204081633,54.9837610121451,"NP","light","PV30_L"
"447","PV32",22,"control",22.0554489795918,24.1304028023773,"NP","light","PV32_L"
"448","PV6",22,"enriched",22.3161428571429,104.409348529938,"NP","light","PV6_L"
"449","PV8",22,"enriched",22.3210204081633,117.407294102791,"NP","light","PV8_L"
"452","PV11",24,"enriched",24.0060816326531,69.2672011317521,"NP","light","PV11_L"
"453","PV21",24,"control",23.9980816326531,25.1773697036611,"NP","light","PV21_L"
"454","PV29",24,"control",24.0382857142857,62.7626713282656,"NP","light","PV29_L"
"455","PV3",24,"enriched",24.0345714285714,37.5156585955354,"NP","light","PV3_L"
"456","PV30",24,"control",24.0187551020408,74.6204056023946,"NP","light","PV30_L"
"457","PV32",24,"control",23.8543469387755,30.3309800747518,"NP","light","PV32_L"
"458","PV6",24,"enriched",24.0328775510204,130.785771620635,"NP","light","PV6_L"
"459","PV8",24,"enriched",24.1182448979592,157.075603644429,"NP","light","PV8_L"
"462","PV11",28,"enriched",28.3392040816327,69.0896806035375,"NP","light","PV11_L"
"463","PV21",28,"control",28.2615918367347,32.6534763739127,"NP","light","PV21_L"
"464","PV29",28,"control",28.1310204081633,62.9876543850421,"NP","light","PV29_L"
"465","PV3",28,"enriched",28.3474693877551,42.0985198372534,"NP","light","PV3_L"
"466","PV30",28,"control",28.2978367346939,92.0827686795032,"NP","light","PV30_L"
"467","PV32",28,"control",28.2052244897959,39.2066606853711,"NP","light","PV32_L"
"468","PV6",28,"enriched",28.4565306122449,147.368046938633,"NP","light","PV6_L"
"469","PV8",28,"enriched",28.5437142857143,131.713359807487,"NP","light","PV8_L"
"472","PV11",30,"enriched",30.09154,62.0590345439499,"NP","light","PV11_L"
"473","PV21",30,"control",30.0845882352941,30.0025214001626,"NP","light","PV21_L"
"474","PV29",30,"control",30.0386666666667,56.273700791285,"NP","light","PV29_L"
"475","PV3",30,"enriched",30.0760784313726,38.6671557476966,"NP","light","PV3_L"
"476","PV30",30,"control",30.08814,81.0196543498798,"NP","light","PV30_L"
"477","PV32",30,"control",29.897568627451,32.6205205044121,"NP","light","PV32_L"
"478","PV6",30,"enriched",30.1167450980392,148.504259309814,"NP","light","PV6_L"
"479","PV8",30,"enriched",30.1508039215686,167.001548561574,"NP","light","PV8_L"
"482","PV11",32,"enriched",32.0218163265306,56.8223128206131,"NP","light","PV11_L"
"483","PV21",32,"control",32.0327346938776,27.5066226023751,"NP","light","PV21_L"
"484","PV29",32,"control",31.9884897959184,46.6766675011227,"NP","light","PV29_L"
"485","PV3",32,"enriched",31.9849183673469,36.4214619968511,"NP","light","PV3_L"
"486","PV30",32,"control",32.0599591836735,73.2137165021742,"NP","light","PV30_L"
"487","PV32",32,"control",31.8538163265306,29.5001306578191,"NP","light","PV32_L"
"488","PV6",32,"enriched",32.030306122449,123.283814457062,"NP","light","PV6_L"
"489","PV8",32,"enriched",32.0992857142857,148.015333232238,"NP","light","PV8_L"
"492","PV11",34,"enriched",34.1729591836735,42.8770372217624,"NP","light","PV11_L"
"493","PV21",34,"control",34.1758571428571,15.2009398255712,"NP","light","PV21_L"
"494","PV29",34,"control",34.1454693877551,11.0072504335776,"NP","light","PV29_L"
"495","PV3",34,"enriched",34.200387755102,27.4091045141201,"NP","light","PV3_L"
"496","PV30",34,"control",34.1845510204082,32.9423619388118,"NP","light","PV30_L"
"497","PV32",34,"control",33.9099387755102,16.5868236976483,"NP","light","PV32_L"
"498","PV6",34,"enriched",34.215693877551,103.951575813003,"NP","light","PV6_L"
"499","PV8",34,"enriched",34.2871224489796,132.902849703592,"NP","light","PV8_L"
"502","PV11",36,"enriched",35.94656,33.4294411937462,"NP","light","PV11_L"
"503","PV21",36,"control",36.08004,-1.59339898075372,"NP","light","PV21_L"
"504","PV29",36,"control",36.04228,-21.8440994921273,"NP","light","PV29_L"
"505","PV3",36,"enriched",35.99932,12.4433006889543,"NP","light","PV3_L"
"506","PV30",36,"control",35.9629,-10.0653943540652,"NP","light","PV30_L"
"507","PV32",36,"control",35.91518,-3.54601246368028,"NP","light","PV32_L"
"508","PV6",36,"enriched",36.02688,55.4107968288581,"NP","light","PV6_L"
"509","PV8",36,"enriched",36.14864,83.2159156732774,"NP","light","PV8_L"
"512","PV11",37,"enriched",36.8862448979592,11.1952072753729,"NP","light","PV11_L"
"513","PV21",37,"control",36.9739591836735,-14.2863182995232,"NP","light","PV21_L"
"514","PV29",37,"control",36.9343265306122,-76.7863073970801,"NP","light","PV29_L"
"515","PV3",37,"enriched",36.7622857142857,0.867256842233634,"NP","light","PV3_L"
"516","PV30",37,"control",36.9504693877551,-51.9243945747833,"NP","light","PV30_L"
"517","PV32",37,"control",36.5031020408163,-18.7040008331504,"NP","light","PV32_L"
"518","PV6",37,"enriched",36.9624081632653,1.68024685985366,"NP","light","PV6_L"
"519","PV8",37,"enriched",37.1542448979592,8.95814883303975,"NP","light","PV8_L"
"522","PV1",20,"enriched",20.143,31.80977266537,"NP","light","PV1_L"
"523","PV13",20,"enriched",20.3144489795918,17.62120336862,"NP","light","PV13_L"
"524","PV17",20,"control",20.2912653061224,41.3658062762512,"NP","light","PV17_L"
"525","PV19",20,"control",20.2296530612245,17.1156808686142,"NP","light","PV19_L"
"526","PV2",20,"enriched",20.2281020408163,22.7862189420718,"NP","light","PV2_L"
"527","PV23",20,"control",20.2705918367347,9.43438057764425,"NP","light","PV23_L"
"528","PV25",20,"control",20.2253469387755,6.22327291818867,"NP","light","PV25_L"
"529","PV7",20,"enriched",20.1194693877551,46.8994512101092,"NP","light","PV7_L"
"532","PV1",22,"enriched",22.0640408163265,42.7161358677471,"NP","light","PV1_L"
"533","PV13",22,"enriched",22.2181428571429,25.2606281844478,"NP","light","PV13_L"
"534","PV17",22,"control",22.2725102040816,62.3653015204177,"NP","light","PV17_L"
"535","PV19",22,"control",22.1870612244898,23.0061868728104,"NP","light","PV19_L"
"536","PV2",22,"enriched",22.1582653061224,29.4352183778027,"NP","light","PV2_L"
"537","PV23",22,"control",22.1770204081633,16.7169409453589,"NP","light","PV23_L"
"538","PV25",22,"control",22.0562448979592,11.5649311355697,"NP","light","PV25_L"
"539","PV7",22,"enriched",21.8479183673469,61.0216124106403,"NP","light","PV7_L"
"542","PV1",24,"enriched",24.0332448979592,45.6497534174454,"NP","light","PV1_L"
"543","PV13",24,"enriched",24.2386734693878,28.4660892102525,"NP","light","PV13_L"
"544","PV17",24,"control",24.2278367346939,80.5760825935917,"NP","light","PV17_L"
"545","PV19",24,"control",24.1592244897959,28.817317744874,"NP","light","PV19_L"
"546","PV2",24,"enriched",24.187306122449,33.2507095863139,"NP","light","PV2_L"
"547","PV23",24,"control",24.1500408163265,18.8090604237811,"NP","light","PV23_L"
"548","PV25",24,"control",24.1966734693878,14.2058976598552,"NP","light","PV25_L"
"549","PV7",24,"enriched",24.0387551020408,66.2094316262348,"NP","light","PV7_L"
"552","PV1",28,"enriched",27.9360625,51.5277667653137,"NP","light","PV1_L"
"553","PV13",28,"enriched",28.1387346938776,32.5891425761334,"NP","light","PV13_L"
"554","PV17",28,"control",28.1240408163265,86.00781809474,"NP","light","PV17_L"
"555","PV19",28,"control",28.0668775510204,37.1498150944047,"NP","light","PV19_L"
"556","PV2",28,"enriched",28.0461224489796,38.8715382797425,"NP","light","PV2_L"
"557","PV23",28,"control",28.073125,24.0705370545758,"NP","light","PV23_L"
"558","PV25",28,"control",28.0547551020408,17.4501874315028,"NP","light","PV25_L"
"559","PV7",28,"enriched",27.880306122449,70.5669838234937,"NP","light","PV7_L"
"562","PV1",30,"enriched",29.9081632653061,49.3064505648026,"NP","light","PV1_L"
"563","PV13",30,"enriched",30.0080816326531,31.6567938287381,"NP","light","PV13_L"
"564","PV17",30,"control",30.0161020408163,80.1291712614378,"NP","light","PV17_L"
"565","PV19",30,"control",29.9941020408163,34.3852794109342,"NP","light","PV19_L"
"566","PV2",30,"enriched",29.9935918367347,40.7526554049147,"NP","light","PV2_L"
"567","PV23",30,"control",30.0087142857143,19.8261444631557,"NP","light","PV23_L"
"568","PV25",30,"control",29.9960204081633,17.3403707524282,"NP","light","PV25_L"
"569","PV7",30,"enriched",29.829693877551,70.6424798880515,"NP","light","PV7_L"
"572","PV1",32,"enriched",31.8693265306122,41.3773639380997,"NP","light","PV1_L"
"573","PV13",32,"enriched",32.0584285714286,28.3569097059186,"NP","light","PV13_L"
"574","PV17",32,"control",32.0928163265306,69.6469845759825,"NP","light","PV17_L"
"575","PV19",32,"control",32.0420408163265,30.0804289205161,"NP","light","PV19_L"
"576","PV2",32,"enriched",31.9526326530612,37.9048306664892,"NP","light","PV2_L"
"577","PV23",32,"control",31.9784285714286,16.8616261138226,"NP","light","PV23_L"
"578","PV25",32,"control",32.0164081632653,14.7829839336189,"NP","light","PV25_L"
"579","PV7",32,"enriched",31.8847959183673,62.5845214375923,"NP","light","PV7_L"
"582","PV1",34,"enriched",33.9848775510204,32.6925404397093,"NP","light","PV1_L"
"583","PV13",34,"enriched",34.3008775510204,23.9993514498901,"NP","light","PV13_L"
"584","PV17",34,"control",34.2208163265306,53.3696448157524,"NP","light","PV17_L"
"585","PV19",34,"control",34.2190204081633,24.0326884128911,"NP","light","PV19_L"
"586","PV2",34,"enriched",34.1697551020408,31.7503079955485,"NP","light","PV2_L"
"587","PV23",34,"control",34.1631020408163,9.13185955671146,"NP","light","PV23_L"
"588","PV25",34,"control",34.2318163265306,10.8674377408909,"NP","light","PV25_L"
"589","PV7",34,"enriched",34.0370612244898,43.672123964717,"NP","light","PV7_L"
"592","PV1",36,"enriched",35.7536530612245,18.0615859538278,"NP","light","PV1_L"
"593","PV13",36,"enriched",36.0332448979592,15.1223485745991,"NP","light","PV13_L"
"594","PV17",36,"control",36.0268979591837,23.7941968227648,"NP","light","PV17_L"
"595","PV19",36,"control",35.9962857142857,6.12194603974114,"NP","light","PV19_L"
"596","PV2",36,"enriched",35.8857142857143,18.6770730378906,"NP","light","PV2_L"
"597","PV23",36,"control",35.9330408163265,2.2676112015327,"NP","light","PV23_L"
"598","PV25",36,"control",36.031693877551,2.10802499913929,"NP","light","PV25_L"
"599","PV7",36,"enriched",35.7597551020408,30.2869380260084,"NP","light","PV7_L"
"602","PV1",37,"enriched",36.5995306122449,4.82883526933248,"NP","light","PV1_L"
"603","PV13",37,"enriched",36.8524489795918,3.30425780133932,"NP","light","PV13_L"
"604","PV17",37,"control",36.8387346938775,-14.6514854945634,"NP","light","PV17_L"
"605","PV19",37,"control",36.7926530612245,-8.65674808166349,"NP","light","PV19_L"
"606","PV2",37,"enriched",36.7722040816327,2.52788925164461,"NP","light","PV2_L"
"607","PV23",37,"control",36.7618775510204,-9.21415060713578,"NP","light","PV23_L"
"608","PV25",37,"control",36.8182244897959,-7.65412295133226,"NP","light","PV25_L"
"609","PV7",37,"enriched",36.5903673469388,6.62650985484023,"NP","light","PV7_L"
"612","PV10",20,"enriched",20.2497142857143,21.2817888437797,"NP","light","PV10_L"
"613","PV18",20,"control",20.3711428571429,11.9792559347536,"NP","light","PV18_L"
"614","PV20",20,"control",20.130387755102,26.1648529204996,"NP","light","PV20_L"
"615","PV22",20,"control",20.300612244898,15.8621066990462,"NP","light","PV22_L"
"616","PV24",20,"control",20.2529183673469,14.3511423887911,"NP","light","PV24_L"
"617","PV4",20,"enriched",20.3405714285714,14.9700618268606,"NP","light","PV4_L"
"618","PV5",20,"enriched",20.3179591836735,40.9007982252626,"NP","light","PV5_L"
"619","PV9",20,"enriched",20.0914285714286,12.0612328277887,"NP","light","PV9_L"
"622","PV10",22,"enriched",22.0837755102041,24.5927477273994,"NP","light","PV10_L"
"623","PV18",22,"control",22.2338571428571,26.0072756601205,"NP","light","PV18_L"
"624","PV20",22,"control",22.198693877551,36.0328316462956,"NP","light","PV20_L"
"625","PV22",22,"control",22.2049387755102,19.6768556052545,"NP","light","PV22_L"
"626","PV24",22,"control",22.1466530612245,18.4260023701274,"NP","light","PV24_L"
"627","PV4",22,"enriched",22.2052244897959,33.7208874840567,"NP","light","PV4_L"
"628","PV5",22,"enriched",22.2627755102041,62.6940319706468,"NP","light","PV5_L"
"629","PV9",22,"enriched",22.2263673469388,23.0231421138658,"NP","light","PV9_L"
"632","PV10",24,"enriched",24.1124285714286,23.8969034475193,"NP","light","PV10_L"
"633","PV18",24,"control",24.2751632653061,29.2687633082921,"NP","light","PV18_L"
"634","PV20",24,"control",24.0522040816327,43.5418324591889,"NP","light","PV20_L"
"635","PV22",24,"control",24.1971836734694,20.8879619787538,"NP","light","PV22_L"
"636","PV24",24,"control",24.1887142857143,20.175245020131,"NP","light","PV24_L"
"637","PV4",24,"enriched",24.2491836734694,34.0227551841595,"NP","light","PV4_L"
"638","PV5",24,"enriched",24.1824897959184,64.3869196158405,"NP","light","PV5_L"
"639","PV9",24,"enriched",24.0601428571429,26.9038811040097,"NP","light","PV9_L"
"642","PV10",28,"enriched",28.07214,22.8351611943436,"NP","light","PV10_L"
"643","PV18",28,"control",28.13016,39.2678823375178,"NP","light","PV18_L"
"644","PV20",28,"control",27.92272,55.9182235468758,"NP","light","PV20_L"
"645","PV22",28,"control",28.01506,27.9436881678111,"NP","light","PV22_L"
"646","PV24",28,"control",27.9894,23.5828345084112,"NP","light","PV24_L"
"647","PV4",28,"enriched",28.14626,42.2540264279771,"NP","light","PV4_L"
"648","PV5",28,"enriched",28.0282,61.3319152381008,"NP","light","PV5_L"
"649","PV9",28,"enriched",28.0875714285714,23.5906646192879,"NP","light","PV9_L"
"652","PV10",30,"enriched",30.0192448979592,23.7235098541867,"NP","light","PV10_L"
"653","PV18",30,"control",30.16,35.6614388014942,"NP","light","PV18_L"
"654","PV20",30,"control",29.9070204081633,41.7231420087776,"NP","light","PV20_L"
"655","PV22",30,"control",30.0832653061224,23.6638704120918,"NP","light","PV22_L"
"656","PV24",30,"control",30.0785714285714,22.8731106049864,"NP","light","PV24_L"
"657","PV4",30,"enriched",30.1071020408163,38.7391673960504,"NP","light","PV4_L"
"658","PV5",30,"enriched",30.1178775510204,57.3812184852957,"NP","light","PV5_L"
"659","PV9",30,"enriched",30.0725510204082,31.1672052171567,"NP","light","PV9_L"
"662","PV10",32,"enriched",31.8951224489796,20.4281741849053,"NP","light","PV10_L"
"663","PV18",32,"control",32.0074897959184,34.1999367016453,"NP","light","PV18_L"
"664","PV20",32,"control",31.8206326530612,38.6635476805783,"NP","light","PV20_L"
"665","PV22",32,"control",31.9745510204082,22.9869986239103,"NP","light","PV22_L"
"666","PV24",32,"control",31.9676326530612,18.2794605617461,"NP","light","PV24_L"
"667","PV4",32,"enriched",31.9473265306122,36.605506308501,"NP","light","PV4_L"
"668","PV5",32,"enriched",31.9735918367347,55.3943991286197,"NP","light","PV5_L"
"669","PV9",32,"enriched",31.9387959183673,20.0553369687884,"NP","light","PV9_L"
"672","PV10",34,"enriched",33.8941020408163,19.098296601383,"NP","light","PV10_L"
"673","PV18",34,"control",34.0230204081633,23.8361220190991,"NP","light","PV18_L"
"674","PV20",34,"control",33.7774285714286,33.2263303874072,"NP","light","PV20_L"
"675","PV22",34,"control",33.9076734693878,14.0723221467671,"NP","light","PV22_L"
"676","PV24",34,"control",33.9510612244898,17.7388015244821,"NP","light","PV24_L"
"677","PV4",34,"enriched",33.9805306122449,30.3786735913856,"NP","light","PV4_L"
"678","PV5",34,"enriched",34.0170612244898,43.2210390969973,"NP","light","PV5_L"
"679","PV9",34,"enriched",33.9465102040816,17.6287777922628,"NP","light","PV9_L"
"682","PV10",36,"enriched",36.0263265306122,9.70592286711413,"NP","light","PV10_L"
"683","PV18",36,"control",36.1488571428571,2.17477234154679,"NP","light","PV18_L"
"684","PV20",36,"control",35.8797551020408,20.6294519252954,"NP","light","PV20_L"
"685","PV22",36,"control",36.1038571428571,0.74810891768156,"NP","light","PV22_L"
"686","PV24",36,"control",36.0410204081633,7.04926103639912,"NP","light","PV24_L"
"687","PV4",36,"enriched",36.0839591836735,12.9125018768042,"NP","light","PV4_L"
"688","PV5",36,"enriched",36.1029591836735,23.1581538037158,"NP","light","PV5_L"
"689","PV9",36,"enriched",36.0606734693878,8.30562408718214,"NP","light","PV9_L"
"692","PV10",37,"enriched",36.789625,-0.229348913118639,"NP","light","PV10_L"
"693","PV18",37,"control",37.09325,-17.309250884763,"NP","light","PV18_L"
"694","PV20",37,"control",37.0242291666667,-19.6421984134829,"NP","light","PV20_L"
"695","PV22",37,"control",37.1302083333333,-8.89902190352507,"NP","light","PV22_L"
"696","PV24",37,"control",36.9145,-7.86408940735325,"NP","light","PV24_L"
"697","PV4",37,"enriched",37.1425416666667,-6.36400825685306,"NP","light","PV4_L"
"698","PV5",37,"enriched",36.9796875,-0.197410911909578,"NP","light","PV5_L"
"699","PV9",37,"enriched",37.0881041666667,-8.06672763136562,"NP","light","PV9_L"
"702","PV12",20,"enriched",20.0743469387755,23.2059663524714,"NP","light","PV12_L"
"703","PV14",20,"enriched",20.2384583333333,38.3327304429417,"NP","light","PV14_L"
"704","PV15",20,"enriched",20.2072040816327,87.863468023242,"NP","light","PV15_L"
"705","PV16",20,"enriched",20.4085102040816,23.2709640084547,"NP","light","PV16_L"
"706","PV26",20,"control",20.2394375,19.8069190660898,"NP","light","PV26_L"
"707","PV27",20,"control",20.1508979591837,34.0739922970299,"NP","light","PV27_L"
"708","PV28",20,"control",20.1925714285714,3.21313664929003,"NP","light","PV28_L"
"709","PV31",20,"control",20.2701666666667,70.670270147188,"NP","light","PV31_L"
"712","PV12",22,"enriched",21.9527959183673,27.3813679837384,"NP","light","PV12_L"
"713","PV14",22,"enriched",22.3929387755102,43.2291972287818,"NP","light","PV14_L"
"714","PV15",22,"enriched",22.4308163265306,100.741250640573,"NP","light","PV15_L"
"715","PV16",22,"enriched",22.4978979591837,31.6530291129067,"NP","light","PV16_L"
"716","PV26",22,"control",22.1070204081633,27.9951974037796,"NP","light","PV26_L"
"717","PV27",22,"control",22.1774081632653,45.8518752753737,"NP","light","PV27_L"
"718","PV28",22,"control",21.9619591836735,3.67464850383295,"NP","light","PV28_L"
"719","PV31",22,"control",22.2604693877551,105.377970872521,"NP","light","PV31_L"
"722","PV12",24,"enriched",23.8697959183673,29.3402448152013,"NP","light","PV12_L"
"723","PV14",24,"enriched",24.041387755102,53.0668898984432,"NP","light","PV14_L"
"724","PV15",24,"enriched",23.9843673469388,110.662512250394,"NP","light","PV15_L"
"725","PV16",24,"enriched",24.1047959183673,33.8962296278449,"NP","light","PV16_L"
"726","PV26",24,"control",24.0220408163265,35.5171366072137,"NP","light","PV26_L"
"727","PV27",24,"control",23.8548979591837,56.4285900457167,"NP","light","PV27_L"
"728","PV28",24,"control",24.0012653061224,4.86649750330445,"NP","light","PV28_L"
"729","PV31",24,"control",24.0841836734694,130.851277480048,"NP","light","PV31_L"
"732","PV12",28,"enriched",27.8707551020408,29.6737143844262,"NP","light","PV12_L"
"733","PV14",28,"enriched",27.9868163265306,56.6864981912515,"NP","light","PV14_L"
"734","PV15",28,"enriched",27.9503469387755,113.84911737334,"NP","light","PV15_L"
"735","PV16",28,"enriched",28.032693877551,37.5636023131173,"NP","light","PV16_L"
"736","PV26",28,"control",27.8801632653061,47.7716221803175,"NP","light","PV26_L"
"737","PV27",28,"control",27.843693877551,68.0918217408938,"NP","light","PV27_L"
"738","PV28",28,"control",27.8751632653061,9.81280044829919,"NP","light","PV28_L"
"739","PV31",28,"control",27.9587551020408,164.825988110799,"NP","light","PV31_L"
"742","PV12",30,"enriched",29.913387755102,29.4934364220883,"NP","light","PV12_L"
"743","PV14",30,"enriched",30.0665510204082,61.7403604977319,"NP","light","PV14_L"
"744","PV15",30,"enriched",30.074,106.747855340078,"NP","light","PV15_L"
"745","PV16",30,"enriched",30.1189183673469,38.412580907487,"NP","light","PV16_L"
"746","PV26",30,"control",30.0164285714286,44.4513525679964,"NP","light","PV26_L"
"747","PV27",30,"control",29.9192040816327,61.3554514611335,"NP","light","PV27_L"
"748","PV28",30,"control",30.0111836734694,8.32047044971092,"NP","light","PV28_L"
"749","PV31",30,"control",30.1258163265306,157.866582208776,"NP","light","PV31_L"
"752","PV12",32,"enriched",31.857612244898,26.4858810051683,"NP","light","PV12_L"
"753","PV14",32,"enriched",32.1897959183673,55.7681043971463,"NP","light","PV14_L"
"754","PV15",32,"enriched",32.1170816326531,93.5324405189869,"NP","light","PV15_L"
"755","PV16",32,"enriched",32.3518775510204,27.5253357893016,"NP","light","PV16_L"
"756","PV26",32,"control",32.1817755102041,37.3433560718748,"NP","light","PV26_L"
"757","PV27",32,"control",32.0349183673469,57.4754679209294,"NP","light","PV27_L"
"758","PV28",32,"control",32.0731836734694,7.05494130117215,"NP","light","PV28_L"
"759","PV31",32,"control",32.2231020408163,147.036228813583,"NP","light","PV31_L"
"762","PV12",34,"enriched",33.8214897959184,23.0367809640805,"NP","light","PV12_L"
"763","PV14",34,"enriched",34.0067142857143,43.4393282341081,"NP","light","PV14_L"
"764","PV15",34,"enriched",33.9818367346939,81.72152321003,"NP","light","PV15_L"
"765","PV16",34,"enriched",34.0831836734694,22.3957740317928,"NP","light","PV16_L"
"766","PV26",34,"control",33.9845918367347,25.7255854975829,"NP","light","PV26_L"
"767","PV27",34,"control",33.841693877551,33.7303088976208,"NP","light","PV27_L"
"768","PV28",34,"control",33.9951224489796,2.52596290412067,"NP","light","PV28_L"
"769","PV31",34,"control",34.0187959183673,102.460192705869,"NP","light","PV31_L"
"772","PV12",36,"enriched",35.6529795918367,15.3346550568868,"NP","light","PV12_L"
"773","PV14",36,"enriched",35.8266666666667,36.218958255453,"NP","light","PV14_L"
"774","PV15",36,"enriched",35.8769183673469,52.9972822244123,"NP","light","PV15_L"
"775","PV16",36,"enriched",35.900387755102,18.7451934208676,"NP","light","PV16_L"
"776","PV26",36,"control",35.8152040816327,5.79698336651644,"NP","light","PV26_L"
"777","PV27",36,"control",35.6732708333333,7.33888776265029,"NP","light","PV27_L"
"778","PV28",36,"control",35.7540408163265,-2.00411999332676,"NP","light","PV28_L"
"779","PV31",36,"control",35.90125,41.0693460405833,"NP","light","PV31_L"
"782","PV12",37,"enriched",36.8368979591837,3.71974787283262,"NP","light","PV12_L"
"783","PV14",37,"enriched",37.0195102040816,11.5458731510596,"NP","light","PV14_L"
"784","PV15",37,"enriched",37.0471428571429,15.74014293628,"NP","light","PV15_L"
"785","PV16",37,"enriched",37.1678571428571,5.67557554380106,"NP","light","PV16_L"
"786","PV26",37,"control",36.8794693877551,-12.6813726470942,"NP","light","PV26_L"
"787","PV27",37,"control",36.800306122449,-17.1234596469095,"NP","light","PV27_L"
"788","PV28",37,"control",37.0409795918367,-7.52422768010872,"NP","light","PV28_L"
"789","PV31",37,"control",37.1414489795918,-30.9829663026362,"NP","light","PV31_L"
"1","PV1",20,"enriched",20.107,46.92647408396,"GP","light","PV1_L"
"2","PV1",22,"enriched",21.9733979591837,58.9904812931754,"GP","light","PV1_L"
"311","PV1",24,"enriched",23.9816326530613,64.0858109039417,"GP","light","PV1_L"
"410","PV1",28,"enriched",28.0501536989796,73.2280499352021,"GP","light","PV1_L"
"510","PV1",30,"enriched",30.0034489795918,70.8173951691283,"GP","light","PV1_L"
"610","PV1",32,"enriched",31.8834840200231,66.3834085921692,"GP","light","PV1_L"
"710","PV1",34,"enriched",33.8564387755102,58.8787510239021,"GP","light","PV1_L"
"810","PV1",36,"enriched",35.6607908163266,44.4732190645054,"GP","light","PV1_L"
"910","PV1",37,"enriched",36.7656632653061,26.3177257700694,"GP","light","PV1_L"
"1010","PV10",20,"enriched",20.2224081632653,32.3281461975828,"GP","light","PV10_L"
"11","PV10",22,"enriched",22.1223775510204,38.0313514279402,"GP","light","PV10_L"
"12","PV10",24,"enriched",24.2132642857143,39.7729900038265,"GP","light","PV10_L"
"1310","PV10",28,"enriched",28.1740393877551,43.4461942867341,"GP","light","PV10_L"
"1410","PV10",30,"enriched",30.0114387755102,45.7514526496575,"GP","light","PV10_L"
"1510","PV10",32,"enriched",31.9101428571429,45.4956948038602,"GP","light","PV10_L"
"1610","PV10",34,"enriched",33.963387755102,45.066757282319,"GP","light","PV10_L"
"1710","PV10",36,"enriched",36.1273979591837,34.0310356864586,"GP","light","PV10_L"
"1810","PV10",37,"enriched",36.8842002551021,19.8266782021499,"GP","light","PV10_L"
"1910","PV11",20,"enriched",20.2182375510204,57.1247474121688,"GP","light","PV11_L"
"2010","PV11",22,"enriched",22.0650612244898,70.5043092197487,"GP","light","PV11_L"
"21","PV11",24,"enriched",24.0925714285714,83.9677485886867,"GP","light","PV11_L"
"22","PV11",28,"enriched",28.2453775510205,89.0052397152195,"GP","light","PV11_L"
"2310","PV11",30,"enriched",30.0879332653061,82.7332228307663,"GP","light","PV11_L"
"2410","PV11",32,"enriched",31.9753163265306,79.3270574347385,"GP","light","PV11_L"
"2510","PV11",34,"enriched",34.0283979591837,70.8493817388019,"GP","light","PV11_L"
"2610","PV11",36,"enriched",35.9392187755102,56.8128073650449,"GP","light","PV11_L"
"2710","PV11",37,"enriched",36.8356734693877,31.9760931635022,"GP","light","PV11_L"
"2810","PV12",20,"enriched",20.0942755102041,33.9395127257688,"GP","light","PV12_L"
"291","PV12",22,"enriched",21.9310510204081,37.5007117199748,"GP","light","PV12_L"
"301","PV12",24,"enriched",23.9619081632653,40.4647261783817,"GP","light","PV12_L"
"31","PV12",28,"enriched",28.0471075510204,45.0131760092437,"GP","light","PV12_L"
"32","PV12",30,"enriched",30.004568877551,46.1357046634878,"GP","light","PV12_L"
"331","PV12",32,"enriched",31.8726020408163,44.9552270804478,"GP","light","PV12_L"
"341","PV12",34,"enriched",33.7710157312926,43.7461203292894,"GP","light","PV12_L"
"351","PV12",36,"enriched",35.737263380824,36.3962837114052,"GP","light","PV12_L"
"361","PV12",37,"enriched",36.7967346938776,21.1929943065276,"GP","light","PV12_L"
"371","PV13",20,"enriched",20.184581632653,29.3124946245509,"GP","light","PV13_L"
"381","PV13",22,"enriched",22.055387755102,37.3332012480148,"GP","light","PV13_L"
"391","PV13",24,"enriched",24.0764795918368,41.8850719477246,"GP","light","PV13_L"
"401","PV13",28,"enriched",28.1439081632654,49.7019136850557,"GP","light","PV13_L"
"41","PV13",30,"enriched",30.0012755102041,49.8041594097805,"GP","light","PV13_L"
"42","PV13",32,"enriched",31.9564642857143,46.8951014533642,"GP","light","PV13_L"
"431","PV13",34,"enriched",34.0262653061225,45.5348515963335,"GP","light","PV13_L"
"441","PV13",36,"enriched",35.981506377551,35.3193329209863,"GP","light","PV13_L"
"451","PV13",37,"enriched",36.9018265306123,21.4409736697257,"GP","light","PV13_L"
"461","PV14",20,"enriched",20.1665863095238,59.9300940054409,"GP","light","PV14_L"
"471","PV14",22,"enriched",22.1673775510204,64.5592704022662,"GP","light","PV14_L"
"481","PV14",24,"enriched",24.0299855442177,76.0391636334583,"GP","light","PV14_L"
"491","PV14",28,"enriched",28.0115681632653,86.617989606051,"GP","light","PV14_L"
"501","PV14",30,"enriched",30.0584630102041,91.744125512708,"GP","light","PV14_L"
"51","PV14",32,"enriched",32.0178367346939,89.8271997521564,"GP","light","PV14_L"
"52","PV14",34,"enriched",33.8608675595238,79.590541261783,"GP","light","PV14_L"
"531","PV14",36,"enriched",35.7554654088051,74.0674640424127,"GP","light","PV14_L"
"541","PV14",37,"enriched",36.8911020408163,44.0703302813428,"GP","light","PV14_L"
"551","PV15",20,"enriched",20.1245204081633,129.087652103229,"GP","light","PV15_L"
"561","PV15",22,"enriched",22.1865612244898,149.754557913577,"GP","light","PV15_L"
"571","PV15",24,"enriched",23.9246107568027,166.600546238027,"GP","light","PV15_L"
"581","PV15",28,"enriched",27.9221534693878,180.659906213192,"GP","light","PV15_L"
"591","PV15",30,"enriched",30.0280408163266,181.086989692862,"GP","light","PV15_L"
"601","PV15",32,"enriched",31.9421428571429,165.840493342751,"GP","light","PV15_L"
"61","PV15",34,"enriched",33.7808454506803,168.929497477631,"GP","light","PV15_L"
"62","PV15",36,"enriched",35.8855063534848,138.733702905943,"GP","light","PV15_L"
"631","PV15",37,"enriched",36.9013571428572,89.2186417466733,"GP","light","PV15_L"
"641","PV16",20,"enriched",20.2508367346938,32.6020517702481,"GP","light","PV16_L"
"651","PV16",22,"enriched",22.2617346938775,40.8096621638867,"GP","light","PV16_L"
"661","PV16",24,"enriched",24.0847448979592,44.121182725098,"GP","light","PV16_L"
"671","PV16",28,"enriched",28.0373569387755,49.8302596946461,"GP","light","PV16_L"
"681","PV16",30,"enriched",30.0959387755102,50.3613483287912,"GP","light","PV16_L"
"691","PV16",32,"enriched",32.125306122449,40.6099651253351,"GP","light","PV16_L"
"701","PV16",34,"enriched",33.8476543367347,36.2096143125579,"GP","light","PV16_L"
"71","PV16",36,"enriched",35.7371844435888,31.8806268081337,"GP","light","PV16_L"
"72","PV16",37,"enriched",37.0140612244898,16.6914294866704,"GP","light","PV16_L"
"731","PV17",20,"control",20.1704081632653,82.1962107772872,"GP","light","PV17_L"
"741","PV17",22,"control",22.0408571428571,100.810603007248,"GP","light","PV17_L"
"751","PV17",24,"control",24.0612346938776,124.115443907253,"GP","light","PV17_L"
"761","PV17",28,"control",28.0956632653061,144.592763014115,"GP","light","PV17_L"
"771","PV17",30,"control",30.0270918367347,139.961786309645,"GP","light","PV17_L"
"781","PV17",32,"control",31.9801952003024,129.926014154574,"GP","light","PV17_L"
"791","PV17",34,"control",33.9034693877551,121.007247823309,"GP","light","PV17_L"
"801","PV17",36,"control",35.8342346938775,90.6058208586241,"GP","light","PV17_L"
"81","PV17",37,"control",36.8785102040816,45.8957406376954,"GP","light","PV17_L"
"82","PV18",20,"control",20.1475102040816,37.7235593574689,"GP","light","PV18_L"
"831","PV18",22,"control",22.0953571428571,48.2970691078713,"GP","light","PV18_L"
"841","PV18",24,"control",24.2082916326531,53.4154239747109,"GP","light","PV18_L"
"851","PV18",28,"control",28.0956718367347,67.5836803579246,"GP","light","PV18_L"
"861","PV18",30,"control",29.9957551020408,68.8291804854932,"GP","light","PV18_L"
"871","PV18",32,"control",31.8622346938776,70.936681686868,"GP","light","PV18_L"
"881","PV18",34,"control",33.9261326530612,65.6840480246596,"GP","light","PV18_L"
"891","PV18",36,"control",36.0603265306122,37.0892640508523,"GP","light","PV18_L"
"901","PV18",37,"control",36.8908698979592,15.0402785961425,"GP","light","PV18_L"
"91","PV19",20,"control",20.1662040816326,28.5447225288262,"GP","light","PV19_L"
"92","PV19",22,"control",22.0421836734694,33.9508783155744,"GP","light","PV19_L"
"931","PV19",24,"control",24.0886530612245,42.097331239372,"GP","light","PV19_L"
"941","PV19",28,"control",28.1143673469387,53.9114503471537,"GP","light","PV19_L"
"951","PV19",30,"control",30.0780816326531,51.7159069314442,"GP","light","PV19_L"
"961","PV19",32,"control",31.9915944822373,49.0584448429664,"GP","light","PV19_L"
"971","PV19",34,"control",34.1024591836735,45.1580471139732,"GP","light","PV19_L"
"981","PV19",36,"control",36.0674910714285,23.6917839527539,"GP","light","PV19_L"
"991","PV19",37,"control",36.9377959183673,7.32455481633169,"GP","light","PV19_L"
"1001","PV2",20,"enriched",20.1345408163265,46.0360216727316,"GP","light","PV2_L"
"101","PV2",22,"enriched",21.963806122449,53.2862144711803,"GP","light","PV2_L"
"102","PV2",24,"enriched",24.0310612244898,59.7572477150338,"GP","light","PV2_L"
"1031","PV2",28,"enriched",28.0917551020408,73.3170048004642,"GP","light","PV2_L"
"1041","PV2",30,"enriched",29.9888163265306,77.7720892594186,"GP","light","PV2_L"
"1051","PV2",32,"enriched",31.9107329931973,79.6536917121918,"GP","light","PV2_L"
"1061","PV2",34,"enriched",34.0693877551021,74.0812409760274,"GP","light","PV2_L"
"1071","PV2",36,"enriched",35.8771964285715,57.9083366504708,"GP","light","PV2_L"
"1081","PV2",37,"enriched",36.8317346938776,33.6362750280787,"GP","light","PV2_L"
"1091","PV20",20,"control",20.0555,51.9752171181896,"GP","light","PV20_L"
"1101","PV20",22,"control",22.1048775510204,62.734452984341,"GP","light","PV20_L"
"111","PV20",24,"control",24.1456320408163,74.6096333409544,"GP","light","PV20_L"
"112","PV20",28,"control",28.0660640816327,92.4778513109427,"GP","light","PV20_L"
"1131","PV20",30,"control",29.9369693877551,81.3660088375733,"GP","light","PV20_L"
"1141","PV20",32,"control",31.8448673469387,90.6699320958796,"GP","light","PV20_L"
"1151","PV20",34,"control",33.9605,89.545127978934,"GP","light","PV20_L"
"1161","PV20",36,"control",35.9829897959183,69.4538909531334,"GP","light","PV20_L"
"1171","PV20",37,"control",36.9688696853741,23.0010797248003,"GP","light","PV20_L"
"1181","PV21",20,"control",20.2975369387755,30.3461350797416,"GP","light","PV21_L"
"1191","PV21",22,"control",22.0931224489796,32.4813285411999,"GP","light","PV21_L"
"1201","PV21",24,"control",24.1451632653062,42.4663652783079,"GP","light","PV21_L"
"121","PV21",28,"control",28.2049183673469,52.678907751284,"GP","light","PV21_L"
"122","PV21",30,"control",30.0547328931573,51.6817393131128,"GP","light","PV21_L"
"1231","PV21",32,"control",31.9863265306122,51.2099947182162,"GP","light","PV21_L"
"1241","PV21",34,"control",33.9966224489796,44.5982908440087,"GP","light","PV21_L"
"1251","PV21",36,"control",36.0705302040816,25.4252026924937,"GP","light","PV21_L"
"1261","PV21",37,"control",36.9178163265307,9.77145017104693,"GP","light","PV21_L"
"1271","PV22",20,"control",20.1874081632654,28.4044630449911,"GP","light","PV22_L"
"1281","PV22",22,"control",22.1105918367347,34.782984177184,"GP","light","PV22_L"
"1291","PV22",24,"control",24.2305018367347,39.2119466302319,"GP","light","PV22_L"
"1301","PV22",28,"control",28.1182748979592,48.1245975474426,"GP","light","PV22_L"
"131","PV22",30,"control",30.0466326530612,45.1596674093774,"GP","light","PV22_L"
"132","PV22",32,"control",31.9538265306123,47.2325759791435,"GP","light","PV22_L"
"1331","PV22",34,"control",33.9398775510205,41.4176310004277,"GP","light","PV22_L"
"1341","PV22",36,"control",36.1816785714285,28.8662780540184,"GP","light","PV22_L"
"1351","PV22",37,"control",37.0301857993197,16.6829892416399,"GP","light","PV22_L"
"1361","PV23",20,"control",20.0608265306122,24.6826611144454,"GP","light","PV23_L"
"1371","PV23",22,"control",21.959,34.849228358596,"GP","light","PV23_L"
"1381","PV23",24,"control",23.9521122448979,40.6397714038477,"GP","light","PV23_L"
"1391","PV23",28,"control",28.0661339285714,52.0899934164034,"GP","light","PV23_L"
"1401","PV23",30,"control",29.9726530612245,52.5207877601161,"GP","light","PV23_L"
"141","PV23",32,"control",31.84248787062,50.8099179635567,"GP","light","PV23_L"
"142","PV23",34,"control",33.8873265306122,41.6389773762984,"GP","light","PV23_L"
"1431","PV23",36,"control",35.8560382653061,31.3621723484947,"GP","light","PV23_L"
"1441","PV23",37,"control",36.7766836734694,14.1587220077902,"GP","light","PV23_L"
"1451","PV24",20,"control",20.1449897959183,24.4621974060558,"GP","light","PV24_L"
"1461","PV24",22,"control",22.0337040816326,28.7731923775702,"GP","light","PV24_L"
"1471","PV24",24,"control",24.1796871428572,31.8507608155564,"GP","light","PV24_L"
"1481","PV24",28,"control",28.0661387755102,37.7993542359972,"GP","light","PV24_L"
"1491","PV24",30,"control",30.0208571428571,40.1967530661832,"GP","light","PV24_L"
"1501","PV24",32,"control",31.9181326530612,37.4491589598005,"GP","light","PV24_L"
"151","PV24",34,"control",33.9216836734694,39.0182254173566,"GP","light","PV24_L"
"152","PV24",36,"control",35.9830510204082,26.3769362536802,"GP","light","PV24_L"
"1531","PV24",37,"control",36.8511989795918,10.0919973396075,"GP","light","PV24_L"
"1541","PV25",20,"control",20.2825102040816,22.2983052677018,"GP","light","PV25_L"
"1551","PV25",22,"control",22.0074081632653,28.9999765980243,"GP","light","PV25_L"
"1561","PV25",24,"control",24.0867551020409,32.2361086973717,"GP","light","PV25_L"
"1571","PV25",28,"control",28.1624795918367,38.7884772483353,"GP","light","PV25_L"
"1581","PV25",30,"control",30.062,38.1249220501651,"GP","light","PV25_L"
"1591","PV25",32,"control",31.9599077853363,38.727033941743,"GP","light","PV25_L"
"1601","PV25",34,"control",34.1343061224489,38.1696124500444,"GP","light","PV25_L"
"161","PV25",36,"control",36.0650165816326,29.3808267863263,"GP","light","PV25_L"
"162","PV25",37,"control",36.9621836734694,17.7924364074858,"GP","light","PV25_L"
"1631","PV26",20,"control",20.2268003826531,33.681574554374,"GP","light","PV26_L"
"1641","PV26",22,"control",22.0502448979592,46.0951246441793,"GP","light","PV26_L"
"1651","PV26",24,"control",24.0786454081632,65.0284937073218,"GP","light","PV26_L"
"1661","PV26",28,"control",27.952801632653,72.1499485670981,"GP","light","PV26_L"
"1671","PV26",30,"control",30.0992455357143,68.7279524706655,"GP","light","PV26_L"
"1681","PV26",32,"control",32.0483469387755,67.2335907119018,"GP","light","PV26_L"
"1691","PV26",34,"control",33.845243835034,59.05558030348,"GP","light","PV26_L"
"1701","PV26",36,"control",35.8352907200616,36.8655117577505,"GP","light","PV26_L"
"171","PV26",37,"control",36.8645510204082,13.7856292816961,"GP","light","PV26_L"
"172","PV27",20,"control",20.1785114795918,87.8159550365949,"GP","light","PV27_L"
"1731","PV27",22,"control",22.1157857142857,99.6399192990408,"GP","light","PV27_L"
"1741","PV27",24,"control",23.9978656462585,114.8120864536,"GP","light","PV27_L"
"1751","PV27",28,"control",28.0327369387755,143.846981897498,"GP","light","PV27_L"
"1761","PV27",30,"control",30.0557448979592,139.673498056305,"GP","light","PV27_L"
"1771","PV27",32,"control",32.0009387755102,145.164918540569,"GP","light","PV27_L"
"1781","PV27",34,"control",33.8350865221089,139.199451872337,"GP","light","PV27_L"
"1791","PV27",36,"control",35.8655222091195,103.955419747676,"GP","light","PV27_L"
"1801","PV27",37,"control",36.9161428571429,68.3383007319296,"GP","light","PV27_L"
"181","PV28",20,"control",20.0950408163265,17.2256522486587,"GP","light","PV28_L"
"182","PV28",22,"control",21.8991020408164,18.0918017154804,"GP","light","PV28_L"
"1831","PV28",24,"control",23.896612244898,21.2132482601416,"GP","light","PV28_L"
"1841","PV28",28,"control",27.933611632653,29.3104682645665,"GP","light","PV28_L"
"1851","PV28",30,"control",29.9622480867347,28.1973357348068,"GP","light","PV28_L"
"1861","PV28",32,"control",31.9195204081633,31.6877450658533,"GP","light","PV28_L"
"1871","PV28",34,"control",33.7863737244898,28.5504931416972,"GP","light","PV28_L"
"1881","PV28",36,"control",35.6707185213708,24.9675568353701,"GP","light","PV28_L"
"1891","PV28",37,"control",36.809887755102,16.2387358773083,"GP","light","PV28_L"
"1901","PV29",20,"control",20.1735389795919,110.753875193071,"GP","light","PV29_L"
"191","PV29",22,"control",22.1773673469388,112.966427678761,"GP","light","PV29_L"
"192","PV29",24,"control",24.0920204081633,127.537194404995,"GP","light","PV29_L"
"1931","PV29",28,"control",28.1885,113.578995954038,"GP","light","PV29_L"
"1941","PV29",30,"control",30.043455782313,139.030356043043,"GP","light","PV29_L"
"1951","PV29",32,"control",31.9440510204082,134.051733655771,"GP","light","PV29_L"
"1961","PV29",34,"control",34.0454489795919,119.494931275877,"GP","light","PV29_L"
"1971","PV29",36,"control",35.9860277551021,83.8077267757406,"GP","light","PV29_L"
"1981","PV29",37,"control",36.8957653061225,26.1696918268067,"GP","light","PV29_L"
"1991","PV3",20,"enriched",20.2039351020408,50.5685798203888,"GP","light","PV3_L"
"2001","PV3",22,"enriched",22.1796326530612,52.0126065123914,"GP","light","PV3_L"
"201","PV3",24,"enriched",24.0908367346939,61.0183688485383,"GP","light","PV3_L"
"202","PV3",28,"enriched",28.2027448979592,72.4991278251336,"GP","light","PV3_L"
"2031","PV3",30,"enriched",30.0793555422169,71.7822730772503,"GP","light","PV3_L"
"2041","PV3",32,"enriched",31.912,70.4321362717844,"GP","light","PV3_L"
"2051","PV3",34,"enriched",34.026887755102,69.3002217637635,"GP","light","PV3_L"
"2061","PV3",36,"enriched",35.8978742857143,50.5994166358297,"GP","light","PV3_L"
"2071","PV3",37,"enriched",36.817,34.6838210496621,"GP","light","PV3_L"
"2081","PV30",20,"control",20.0537571428572,98.4955401529997,"GP","light","PV30_L"
"2091","PV30",22,"control",22.1008469387756,101.027857556077,"GP","light","PV30_L"
"2101","PV30",24,"control",24.0910510204082,128.481909998142,"GP","light","PV30_L"
"211","PV30",28,"control",28.2112653061224,166.107529310542,"GP","light","PV30_L"
"212","PV30",30,"control",30.0762230612245,165.7398616252,"GP","light","PV30_L"
"2131","PV30",32,"control",31.9887857142857,159.323905340636,"GP","light","PV30_L"
"2141","PV30",34,"control",34.0536224489796,134.320951598161,"GP","light","PV30_L"
"2151","PV30",36,"control",35.9513479591837,90.4490834731842,"GP","light","PV30_L"
"2161","PV30",37,"control",36.9452959183673,44.8944215418892,"GP","light","PV30_L"
"2171","PV31",20,"control",20.1884404761905,147.477596812783,"GP","light","PV31_L"
"2181","PV31",22,"control",22.1149489795919,180.797076022325,"GP","light","PV31_L"
"2191","PV31",24,"control",24.040050170068,211.943992033723,"GP","light","PV31_L"
"2201","PV31",28,"control",28.0723775510204,261.311258600139,"GP","light","PV31_L"
"221","PV31",30,"control",30.1042244897959,256.503136542282,"GP","light","PV31_L"
"222","PV31",32,"control",32.058081632653,257.047007552866,"GP","light","PV31_L"
"2231","PV31",34,"control",33.8702729591837,232.361783966494,"GP","light","PV31_L"
"2241","PV31",36,"control",35.8340306603774,166.156071317408,"GP","light","PV31_L"
"2251","PV31",37,"control",36.9702959183673,75.4869327366422,"GP","light","PV31_L"
"2261","PV32",20,"control",19.9800134693877,51.7557103122023,"GP","light","PV32_L"
"2271","PV32",22,"control",21.9574897959183,55.1376801604525,"GP","light","PV32_L"
"2281","PV32",24,"control",23.9370714285714,66.6496628668923,"GP","light","PV32_L"
"2291","PV32",28,"control",28.0576122448979,77.8811870889078,"GP","light","PV32_L"
"2301","PV32",30,"control",29.8472843137255,75.0725549635108,"GP","light","PV32_L"
"231","PV32",32,"control",31.8066836734694,76.226900882795,"GP","light","PV32_L"
"232","PV32",34,"control",33.8415714285714,70.4819171095648,"GP","light","PV32_L"
"2331","PV32",36,"control",35.795896122449,51.7554192117716,"GP","light","PV32_L"
"2341","PV32",37,"control",36.568581632653,34.0010694989833,"GP","light","PV32_L"
"2351","PV4",20,"enriched",20.2468265306123,23.458916094949,"GP","light","PV4_L"
"2361","PV4",22,"enriched",22.1309795918367,42.90543884642,"GP","light","PV4_L"
"2371","PV4",24,"enriched",24.2125318367347,44.6244327769394,"GP","light","PV4_L"
"2381","PV4",28,"enriched",28.10713,54.5441203151838,"GP","light","PV4_L"
"2391","PV4",30,"enriched",30.0349591836735,52.7007422086312,"GP","light","PV4_L"
"2401","PV4",32,"enriched",31.8778367346939,52.0415847149743,"GP","light","PV4_L"
"241","PV4",34,"enriched",33.9924387755102,48.8997729414927,"GP","light","PV4_L"
"242","PV4",36,"enriched",36.0999591836735,30.6987316619019,"GP","light","PV4_L"
"2431","PV4",37,"enriched",36.9830769557824,8.71069033188206,"GP","light","PV4_L"
"2441","PV5",20,"enriched",20.258387755102,58.0010279462541,"GP","light","PV5_L"
"2451","PV5",22,"enriched",22.1699387755102,78.1310567768206,"GP","light","PV5_L"
"2461","PV5",24,"enriched",24.2233948979592,81.7269661258104,"GP","light","PV5_L"
"2471","PV5",28,"enriched",28.1138244897959,81.3475216626485,"GP","light","PV5_L"
"2481","PV5",30,"enriched",30.0379795918368,81.5114552505998,"GP","light","PV5_L"
"2491","PV5",32,"enriched",31.9228775510204,80.9003054618118,"GP","light","PV5_L"
"2501","PV5",34,"enriched",33.9607959183674,74.6314472514863,"GP","light","PV5_L"
"251","PV5",36,"enriched",36.1109081632653,52.3878127773661,"GP","light","PV5_L"
"252","PV5",37,"enriched",36.9270274234694,25.3523660406595,"GP","light","PV5_L"
"2531","PV6",20,"enriched",20.1188934693877,131.270869263551,"GP","light","PV6_L"
"2541","PV6",22,"enriched",22.0647551020408,157.579775784023,"GP","light","PV6_L"
"2551","PV6",24,"enriched",24.0555714285714,189.695127439786,"GP","light","PV6_L"
"2561","PV6",28,"enriched",28.1226530612245,215.695839243886,"GP","light","PV6_L"
"2571","PV6",30,"enriched",29.9791888755502,228.740145878299,"GP","light","PV6_L"
"2581","PV6",32,"enriched",31.8992244897959,214.443971036497,"GP","light","PV6_L"
"2591","PV6",34,"enriched",33.9442653061224,208.827410151404,"GP","light","PV6_L"
"2601","PV6",36,"enriched",35.8854808163265,158.657293410422,"GP","light","PV6_L"
"261","PV6",37,"enriched",36.8586428571429,94.0685441258474,"GP","light","PV6_L"
"262","PV7",20,"enriched",19.9864081632653,64.7111593525416,"GP","light","PV7_L"
"2631","PV7",22,"enriched",21.7592040816326,82.7631629216219,"GP","light","PV7_L"
"2641","PV7",24,"enriched",23.8900204081632,91.1495276204334,"GP","light","PV7_L"
"2651","PV7",28,"enriched",27.9345510204082,102.409243575029,"GP","light","PV7_L"
"2661","PV7",30,"enriched",29.8574285714285,103.103306515653,"GP","light","PV7_L"
"2671","PV7",32,"enriched",31.8016572184429,99.7734547222492,"GP","light","PV7_L"
"2681","PV7",34,"enriched",33.8348469387755,82.1304824800276,"GP","light","PV7_L"
"2691","PV7",36,"enriched",35.8369221938775,68.9322366756199,"GP","light","PV7_L"
"2701","PV7",37,"enriched",36.7124693877551,36.2253092168513,"GP","light","PV7_L"
"271","PV8",20,"enriched",20.174951632653,140.446669726933,"GP","light","PV8_L"
"272","PV8",22,"enriched",22.199112244898,168.140321142085,"GP","light","PV8_L"
"2731","PV8",24,"enriched",24.1415612244898,211.547218639245,"GP","light","PV8_L"
"2741","PV8",28,"enriched",28.3381020408164,194.546644217783,"GP","light","PV8_L"
"2751","PV8",30,"enriched",30.0633101240496,236.643437133883,"GP","light","PV8_L"
"2761","PV8",32,"enriched",32.0264183673469,228.459772289895,"GP","light","PV8_L"
"2771","PV8",34,"enriched",34.1089387755102,230.869095649955,"GP","light","PV8_L"
"2781","PV8",36,"enriched",36.0350342857143,183.681748223823,"GP","light","PV8_L"
"2791","PV8",37,"enriched",36.9139387755102,101.824111183451,"GP","light","PV8_L"
"2801","PV9",20,"enriched",20.1462346938776,25.336859627634,"GP","light","PV9_L"
"281","PV9",22,"enriched",22.1695204081633,35.9426639451779,"GP","light","PV9_L"
"282","PV9",24,"enriched",24.1935314285715,42.3477720799918,"GP","light","PV9_L"
"2831","PV9",28,"enriched",28.1860612244898,42.1985310717975,"GP","light","PV9_L"
"2841","PV9",30,"enriched",30.0657040816326,51.994446963306,"GP","light","PV9_L"
"2851","PV9",32,"enriched",31.9564387755102,41.2901137531319,"GP","light","PV9_L"
"2861","PV9",34,"enriched",34.0243979591836,44.04234358364,"GP","light","PV9_L"
"2871","PV9",36,"enriched",36.1816734693878,29.0678897720049,"GP","light","PV9_L"
"2881","PV9",37,"enriched",37.0581949404762,8.36663868141924,"GP","light","PV9_L"
