"","individual.ID","temp.Cat","treatment","Temp.C","umol.cm2.hr","rate.type","light_dark","fragment.ID"
"3","PV11",20,"enriched",20.05572,0.234994844652656,"R","dark","PV11_D"
"4","PV21",20,"control",20.08838,0.260204968155359,"R","dark","PV21_D"
"5","PV29",20,"control",20.18218,0.161115771822408,"R","dark","PV29_D"
"6","PV3",20,"enriched",20.00136,0.72853741201576,"R","dark","PV3_D"
"7","PV30",20,"control",19.8988,0.288742326599297,"R","dark","PV30_D"
"8","PV32",20,"control",19.90368,0.271812792938675,"R","dark","PV32_D"
"9","PV6",20,"enriched",19.96544,0.325786424217756,"R","dark","PV6_D"
"10","PV8",20,"enriched",20.14974,0.277727112164083,"R","dark","PV8_D"
"13","PV11",22,"enriched",22.0115918367347,0.220660787958689,"R","dark","PV11_D"
"14","PV21",22,"control",22.0558979591837,0.261157681649596,"R","dark","PV21_D"
"15","PV29",22,"control",22.1608163265306,0.210114427506014,"R","dark","PV29_D"
"16","PV3",22,"enriched",22.1704081632653,0.570036964033673,"R","dark","PV3_D"
"17","PV30",22,"control",22.0276734693878,0.223448359194153,"R","dark","PV30_D"
"18","PV32",22,"control",21.8595306122449,0.271694509325786,"R","dark","PV32_D"
"19","PV6",22,"enriched",21.8133673469388,0.273475888865285,"R","dark","PV6_D"
"20","PV8",22,"enriched",22.0772040816327,0.237416075538964,"R","dark","PV8_D"
"23","PV11",24,"enriched",24.1790612244898,0.255968347092186,"R","dark","PV11_D"
"24","PV21",24,"control",24.2922448979592,0.291747095663006,"R","dark","PV21_D"
"25","PV29",24,"control",24.1457551020408,0.23121043211066,"R","dark","PV29_D"
"26","PV3",24,"enriched",24.1471020408163,0.640277104850255,"R","dark","PV3_D"
"27","PV30",24,"control",24.1633469387755,0.261385621270153,"R","dark","PV30_D"
"28","PV32",24,"control",24.0197959183673,0.318234541737333,"R","dark","PV32_D"
"29","PV6",24,"enriched",24.0782653061225,0.302993398344109,"R","dark","PV6_D"
"30","PV8",24,"enriched",24.1648775510204,0.25491159930832,"R","dark","PV8_D"
"33","PV11",28,"enriched",28.1515510204082,0.34677298666379,"R","dark","PV11_D"
"34","PV21",28,"control",28.1482448979592,0.337923705198603,"R","dark","PV21_D"
"35","PV29",28,"control",28.2459795918367,0.180584053569478,"R","dark","PV29_D"
"36","PV3",28,"enriched",28.0580204081633,0.828194410713994,"R","dark","PV3_D"
"37","PV30",28,"control",28.124693877551,0.35923630919685,"R","dark","PV30_D"
"38","PV32",28,"control",27.91,0.338877107888983,"R","dark","PV32_D"
"39","PV6",28,"enriched",27.7887755102041,0.351436027504286,"R","dark","PV6_D"
"40","PV8",28,"enriched",28.1324897959184,0.294041823807634,"R","dark","PV8_D"
"43","PV11",30,"enriched",30.0843265306122,0.35998236247676,"R","dark","PV11_D"
"44","PV21",30,"control",30.0248775510204,0.365830902960241,"R","dark","PV21_D"
"45","PV29",30,"control",30.0482448979592,0.295397034388445,"R","dark","PV29_D"
"46","PV3",30,"enriched",30.0826326530612,0.902144953594623,"R","dark","PV3_D"
"47","PV30",30,"control",30.064306122449,0.411140465926978,"R","dark","PV30_D"
"48","PV32",30,"control",29.797,0.371976698858482,"R","dark","PV32_D"
"49","PV6",30,"enriched",29.8416326530612,0.412683920957673,"R","dark","PV6_D"
"50","PV8",30,"enriched",29.9758163265306,0.32590414652675,"R","dark","PV8_D"
"53","PV11",32,"enriched",31.9288163265306,0.391856309942534,"R","dark","PV11_D"
"54","PV21",32,"control",31.9399183673469,0.399987954323794,"R","dark","PV21_D"
"55","PV29",32,"control",31.899612244898,0.311882293249508,"R","dark","PV29_D"
"56","PV3",32,"enriched",31.8390816326531,0.926542335940895,"R","dark","PV3_D"
"57","PV30",32,"control",31.917612244898,0.417885936528137,"R","dark","PV30_D"
"58","PV32",32,"control",31.7595510204082,0.409433139261009,"R","dark","PV32_D"
"59","PV6",32,"enriched",31.7681428571429,0.468871629158183,"R","dark","PV6_D"
"60","PV8",32,"enriched",31.9535510204082,0.376456997237911,"R","dark","PV8_D"
"63","PV11",34,"enriched",33.8838367346939,0.487059057582393,"R","dark","PV11_D"
"64","PV21",34,"control",33.817387755102,0.49607229886692,"R","dark","PV21_D"
"65","PV29",34,"control",33.9454285714286,0.387243045178709,"R","dark","PV29_D"
"66","PV3",34,"enriched",33.853387755102,1.14122681949488,"R","dark","PV3_D"
"67","PV30",34,"control",33.922693877551,0.491982278231594,"R","dark","PV30_D"
"68","PV32",34,"control",33.7732040816326,0.472244008737664,"R","dark","PV32_D"
"69","PV6",34,"enriched",33.6728367346939,0.539416617420142,"R","dark","PV6_D"
"70","PV8",34,"enriched",33.9307551020408,0.458454048678314,"R","dark","PV8_D"
"73","PV11",36,"enriched",35.9318775510204,0.407155012822005,"R","dark","PV11_D"
"74","PV21",36,"control",36.0610204081633,0.455931550969039,"R","dark","PV21_D"
"75","PV29",36,"control",35.9297755102041,0.377120559818521,"R","dark","PV29_D"
"76","PV3",36,"enriched",35.7964285714286,1.03947532807092,"R","dark","PV3_D"
"77","PV30",36,"control",35.9397959183673,0.487788811847498,"R","dark","PV30_D"
"78","PV32",36,"control",35.676612244898,0.484566741238324,"R","dark","PV32_D"
"79","PV6",36,"enriched",35.7440816326531,0.531036308772568,"R","dark","PV6_D"
"80","PV8",36,"enriched",35.9214285714286,0.470151400022537,"R","dark","PV8_D"
"83","PV11",37,"enriched",36.7851020408163,0.361840198637405,"R","dark","PV11_D"
"84","PV21",37,"control",36.8616734693878,0.405968296371968,"R","dark","PV21_D"
"85","PV29",37,"control",36.8572040816327,0.367497897911831,"R","dark","PV29_D"
"86","PV3",37,"enriched",36.8717142857143,0.921254255089522,"R","dark","PV3_D"
"87","PV30",37,"control",36.9401224489796,0.469854057832352,"R","dark","PV30_D"
"88","PV32",37,"control",36.6340612244898,0.461816690885336,"R","dark","PV32_D"
"89","PV6",37,"enriched",36.7548775510204,0.475188427484875,"R","dark","PV6_D"
"90","PV8",37,"enriched",36.6736326530612,0.434586178256372,"R","dark","PV8_D"
"93","PV11",38,"enriched",38.0915918367347,0.359794265011491,"R","dark","PV11_D"
"94","PV21",38,"control",38.0779795918367,0.355907444859043,"R","dark","PV21_D"
"95","PV29",38,"control",38.0641836734694,0.295074171895148,"R","dark","PV29_D"
"96","PV3",38,"enriched",38.1017551020408,0.806038450073675,"R","dark","PV3_D"
"97","PV30",38,"control",38.2048163265306,0.426996722146912,"R","dark","PV30_D"
"98","PV32",38,"control",37.9142448979592,0.380627212441182,"R","dark","PV32_D"
"99","PV6",38,"enriched",37.9127142857143,0.387598102885673,"R","dark","PV6_D"
"100","PV8",38,"enriched",38.2564081632653,0.366962305833732,"R","dark","PV8_D"
"103","PV11",39,"enriched",39.0563673469388,0.349596089925212,"R","dark","PV11_D"
"104","PV21",39,"control",38.9345306122449,0.329319097851316,"R","dark","PV21_D"
"105","PV29",39,"control",39.0065102040816,0.27003817361126,"R","dark","PV29_D"
"106","PV3",39,"enriched",38.9307142857143,0.741685024432505,"R","dark","PV3_D"
"107","PV30",39,"control",38.9984285714286,0.423169346612225,"R","dark","PV30_D"
"108","PV32",39,"control",38.7342244897959,0.35496463531756,"R","dark","PV32_D"
"109","PV6",39,"enriched",38.7416530612245,0.396510728497796,"R","dark","PV6_D"
"110","PV8",39,"enriched",39.0943469387755,0.333981329574655,"R","dark","PV8_D"
"113","PV1",20,"enriched",20.071,0.317586972580953,"R","dark","PV1_D"
"114","PV13",20,"enriched",20.0547142857143,0.410975832884572,"R","dark","PV13_D"
"115","PV17",20,"control",20.0495510204082,0.331659708640916,"R","dark","PV17_D"
"116","PV19",20,"control",20.1027551020408,0.215889404879463,"R","dark","PV19_D"
"117","PV2",20,"enriched",20.0409795918367,0.453317574222654,"R","dark","PV2_D"
"118","PV23",20,"control",19.8510612244898,0.200476632709351,"R","dark","PV23_D"
"119","PV25",20,"control",20.3396734693878,0.56451965743222,"R","dark","PV25_D"
"120","PV7",20,"enriched",19.8533469387755,0.342000244078536,"R","dark","PV7_D"
"123","PV1",22,"enriched",21.8827551020408,0.341907930260657,"R","dark","PV1_D"
"124","PV13",22,"enriched",21.8926326530612,0.42437876717359,"R","dark","PV13_D"
"125","PV17",22,"control",21.8092040816327,0.312285847900692,"R","dark","PV17_D"
"126","PV19",22,"control",21.897306122449,0.206740249306593,"R","dark","PV19_D"
"127","PV2",22,"enriched",21.7693469387755,0.465039459349302,"R","dark","PV2_D"
"128","PV23",22,"control",21.7409795918367,0.238394087461255,"R","dark","PV23_D"
"129","PV25",22,"control",21.9585714285714,0.612280316317882,"R","dark","PV25_D"
"130","PV7",22,"enriched",21.6704897959184,0.417456625829606,"R","dark","PV7_D"
"133","PV1",24,"enriched",23.9300204081633,0.387323366476262,"R","dark","PV1_D"
"134","PV13",24,"enriched",23.9142857142857,0.471708170318541,"R","dark","PV13_D"
"135","PV17",24,"control",23.8946326530612,0.353664188835897,"R","dark","PV17_D"
"136","PV19",24,"control",24.0180816326531,0.250853421953949,"R","dark","PV19_D"
"137","PV2",24,"enriched",23.8748163265306,0.516816409358438,"R","dark","PV2_D"
"138","PV23",24,"control",23.7541836734694,0.287019078405083,"R","dark","PV23_D"
"139","PV25",24,"control",23.9768367346939,0.633181217743413,"R","dark","PV25_D"
"140","PV7",24,"enriched",23.7412857142857,0.478871473142903,"R","dark","PV7_D"
"143","PV1",28,"enriched",28.1642448979592,0.455901525421349,"R","dark","PV1_D"
"144","PV13",28,"enriched",28.1490816326531,0.601553344750066,"R","dark","PV13_D"
"145","PV17",28,"control",28.0672857142857,0.475877376189378,"R","dark","PV17_D"
"146","PV19",28,"control",28.1618571428571,0.31661967530666,"R","dark","PV19_D"
"147","PV2",28,"enriched",28.137387755102,0.671607217791568,"R","dark","PV2_D"
"148","PV23",28,"control",28.0591428571429,0.368385553256894,"R","dark","PV23_D"
"149","PV25",28,"control",28.2702040816327,0.749353643319578,"R","dark","PV25_D"
"150","PV7",28,"enriched",27.9887959183673,0.611399003394521,"R","dark","PV7_D"
"153","PV1",30,"enriched",30.0987346938775,0.451923709086635,"R","dark","PV1_D"
"154","PV13",30,"enriched",29.9944693877551,0.63792172490325,"R","dark","PV13_D"
"155","PV17",30,"control",30.0380816326531,0.486012027473519,"R","dark","PV17_D"
"156","PV19",30,"control",30.1620612244898,0.327367680758033,"R","dark","PV19_D"
"157","PV2",30,"enriched",29.9840408163265,0.721793649108673,"R","dark","PV2_D"
"158","PV23",30,"control",29.9365918367347,0.429852531896231,"R","dark","PV23_D"
"159","PV25",30,"control",30.1279795918367,0.729907568667271,"R","dark","PV25_D"
"160","PV7",30,"enriched",29.8851632653061,0.623276023885866,"R","dark","PV7_D"
"163","PV1",32,"enriched",31.897641509434,0.525352310534079,"R","dark","PV1_D"
"164","PV13",32,"enriched",31.8545,0.651660165400072,"R","dark","PV13_D"
"165","PV17",32,"control",31.8675740740741,0.489638190743014,"R","dark","PV17_D"
"166","PV19",32,"control",31.9411481481481,0.358486099281115,"R","dark","PV19_D"
"167","PV2",32,"enriched",31.8688333333333,0.814006580401618,"R","dark","PV2_D"
"168","PV23",32,"control",31.7065471698113,0.446334865091403,"R","dark","PV23_D"
"169","PV25",32,"control",31.9034074074074,0.840862190148907,"R","dark","PV25_D"
"170","PV7",32,"enriched",31.7185185185185,0.714059772295156,"R","dark","PV7_D"
"173","PV1",34,"enriched",33.728,0.550146431586845,"R","dark","PV1_D"
"174","PV13",34,"enriched",33.7516530612245,0.757022463603459,"R","dark","PV13_D"
"175","PV17",34,"control",33.5861224489796,0.549410861361584,"R","dark","PV17_D"
"176","PV19",34,"control",33.9858979591837,0.399048428856387,"R","dark","PV19_D"
"177","PV2",34,"enriched",33.9690204081633,0.825355641748617,"R","dark","PV2_D"
"178","PV23",34,"control",33.6115510204082,0.427387042350685,"R","dark","PV23_D"
"179","PV25",34,"control",34.0367959183673,0.958792118040919,"R","dark","PV25_D"
"180","PV7",34,"enriched",33.6326326530612,0.738433837671221,"R","dark","PV7_D"
"183","PV1",36,"enriched",35.5679285714286,0.554882336316024,"R","dark","PV1_D"
"184","PV13",36,"enriched",35.9297678571429,0.70997054831753,"R","dark","PV13_D"
"185","PV17",36,"control",35.6415714285714,0.542701548817555,"R","dark","PV17_D"
"186","PV19",36,"control",36.1386964285714,0.331886256401886,"R","dark","PV19_D"
"187","PV2",36,"enriched",35.8686785714286,0.764919232243295,"R","dark","PV2_D"
"188","PV23",36,"control",35.7790357142857,0.382520483855348,"R","dark","PV23_D"
"189","PV25",36,"control",36.0983392857143,0.957760605849477,"R","dark","PV25_D"
"190","PV7",36,"enriched",35.9140892857143,0.742023250379296,"R","dark","PV7_D"
"193","PV1",37,"enriched",36.9317959183673,0.451460374143528,"R","dark","PV1_D"
"194","PV13",37,"enriched",36.9512040816327,0.637547362958708,"R","dark","PV13_D"
"195","PV17",37,"control",36.9182857142857,0.491816714123688,"R","dark","PV17_D"
"196","PV19",37,"control",37.0829387755102,0.301879551621358,"R","dark","PV19_D"
"197","PV2",37,"enriched",36.8912653061224,0.606541833559697,"R","dark","PV2_D"
"198","PV23",37,"control",36.7914897959184,0.307294634780373,"R","dark","PV23_D"
"199","PV25",37,"control",37.1061428571429,0.893627002405609,"R","dark","PV25_D"
"200","PV7",37,"enriched",36.8345714285714,0.568322618206623,"R","dark","PV7_D"
"203","PV1",38,"enriched",38.2048367346939,0.433313029797074,"R","dark","PV1_D"
"204","PV13",38,"enriched",38.093306122449,0.607101774984301,"R","dark","PV13_D"
"205","PV17",38,"control",38.1811428571429,0.398245473213901,"R","dark","PV17_D"
"206","PV19",38,"control",38.1546530612245,0.31492140231757,"R","dark","PV19_D"
"207","PV2",38,"enriched",38.1833265306122,0.511736423843382,"R","dark","PV2_D"
"208","PV23",38,"control",37.993693877551,0.28817053086694,"R","dark","PV23_D"
"209","PV25",38,"control",38.2779183673469,0.796450135532618,"R","dark","PV25_D"
"210","PV7",38,"enriched",38.0258775510204,0.5154232199587,"R","dark","PV7_D"
"213","PV1",39,"enriched",38.9900612244898,0.406793166813151,"R","dark","PV1_D"
"214","PV13",39,"enriched",38.9277142857143,0.563816965729215,"R","dark","PV13_D"
"215","PV17",39,"control",38.9223469387755,0.380278115913411,"R","dark","PV17_D"
"216","PV19",39,"control",39.0398979591837,0.312738686273678,"R","dark","PV19_D"
"217","PV2",39,"enriched",39.0409795918367,0.467114984238264,"R","dark","PV2_D"
"218","PV23",39,"control",38.9093469387755,0.235872330476591,"R","dark","PV23_D"
"219","PV25",39,"control",39.1402653061225,0.700160135687458,"R","dark","PV25_D"
"220","PV7",39,"enriched",38.8788571428571,0.499559834951264,"R","dark","PV7_D"
"223","PV10",20,"enriched",20.1951020408163,0.288493199680914,"R","dark","PV10_D"
"224","PV18",20,"control",19.9238775510204,0.344201715168907,"R","dark","PV18_D"
"225","PV20",20,"control",19.980612244898,0.371498236440722,"R","dark","PV20_D"
"226","PV22",20,"control",20.0742040816327,0.284219080908049,"R","dark","PV22_D"
"227","PV24",20,"control",20.0370612244898,0.384925540592576,"R","dark","PV24_D"
"228","PV4",20,"enriched",20.1530816326531,0.303402000470491,"R","dark","PV4_D"
"229","PV5",20,"enriched",20.1988163265306,0.414245862599588,"R","dark","PV5_D"
"230","PV9",20,"enriched",20.2010408163265,0.351141013164644,"R","dark","PV9_D"
"233","PV10",22,"enriched",22.1609795918367,0.350970519659858,"R","dark","PV10_D"
"234","PV18",22,"control",21.9568571428571,0.298014866026906,"R","dark","PV18_D"
"235","PV20",22,"control",22.0110612244898,0.384326434188001,"R","dark","PV20_D"
"236","PV22",22,"control",22.0162448979592,0.342316057714365,"R","dark","PV22_D"
"237","PV24",22,"control",21.9207551020408,0.393915145395627,"R","dark","PV24_D"
"238","PV4",22,"enriched",22.0567346938776,0.328267062757874,"R","dark","PV4_D"
"239","PV5",22,"enriched",22.0771020408163,0.373955424058126,"R","dark","PV5_D"
"240","PV9",22,"enriched",22.1126734693878,0.341722018391065,"R","dark","PV9_D"
"243","PV10",24,"enriched",24.3141,0.414629263054152,"R","dark","PV10_D"
"244","PV18",24,"control",24.14142,0.322841208033988,"R","dark","PV18_D"
"245","PV20",24,"control",24.23906,0.44717049125174,"R","dark","PV20_D"
"246","PV22",24,"control",24.26382,0.415235058913001,"R","dark","PV22_D"
"247","PV24",24,"control",24.17066,0.444484202843062,"R","dark","PV24_D"
"248","PV4",24,"enriched",24.17588,0.378916881879393,"R","dark","PV4_D"
"249","PV5",24,"enriched",24.2643,0.42005532330492,"R","dark","PV5_D"
"250","PV9",24,"enriched",24.32692,0.408491712389343,"R","dark","PV9_D"
"253","PV10",28,"enriched",28.2759387755102,0.538289926272006,"R","dark","PV10_D"
"254","PV18",28,"control",28.0611836734694,0.378582635737611,"R","dark","PV18_D"
"255","PV20",28,"control",28.2094081632653,0.526216411951896,"R","dark","PV20_D"
"256","PV22",28,"control",28.2214897959184,0.457314348082759,"R","dark","PV22_D"
"257","PV24",28,"control",28.1428775510204,0.541219638518636,"R","dark","PV24_D"
"258","PV4",28,"enriched",28.068,0.439262938623684,"R","dark","PV4_D"
"259","PV5",28,"enriched",28.1994489795918,0.484869635324986,"R","dark","PV5_D"
"260","PV9",28,"enriched",28.2845510204082,0.492179026834556,"R","dark","PV9_D"
"263","PV10",30,"enriched",30.0036326530612,0.575294777808865,"R","dark","PV10_D"
"264","PV18",30,"control",29.8315102040816,0.443453193836992,"R","dark","PV18_D"
"265","PV20",30,"control",29.9669183673469,0.570594626311786,"R","dark","PV20_D"
"266","PV22",30,"control",30.01,0.487110675015206,"R","dark","PV22_D"
"267","PV24",30,"control",29.9631428571429,0.659507086849242,"R","dark","PV24_D"
"268","PV4",30,"enriched",29.9628163265306,0.499003704631787,"R","dark","PV4_D"
"269","PV5",30,"enriched",29.9580816326531,0.584544822301727,"R","dark","PV5_D"
"270","PV9",30,"enriched",30.0588571428571,0.550881617751793,"R","dark","PV9_D"
"273","PV10",32,"enriched",31.9251632653061,0.654678189361647,"R","dark","PV10_D"
"274","PV18",32,"control",31.7169795918367,0.49117082043398,"R","dark","PV18_D"
"275","PV20",32,"control",31.8691020408163,0.748547364382865,"R","dark","PV20_D"
"276","PV22",32,"control",31.9331020408163,0.549422733808495,"R","dark","PV22_D"
"277","PV24",32,"control",31.8686326530612,0.729786012069773,"R","dark","PV24_D"
"278","PV4",32,"enriched",31.8083469387755,0.551704260673805,"R","dark","PV4_D"
"279","PV5",32,"enriched",31.8721632653061,0.61786983816992,"R","dark","PV5_D"
"280","PV9",32,"enriched",31.9740816326531,0.561660940518932,"R","dark","PV9_D"
"283","PV10",34,"enriched",34.0326734693878,0.67820767269057,"R","dark","PV10_D"
"284","PV18",34,"control",33.8292448979592,0.559507385803496,"R","dark","PV18_D"
"285","PV20",34,"control",34.1435714285714,0.810617541986746,"R","dark","PV20_D"
"286","PV22",34,"control",33.9720816326531,0.619664944541855,"R","dark","PV22_D"
"287","PV24",34,"control",33.892306122449,0.810102776760397,"R","dark","PV24_D"
"288","PV4",34,"enriched",34.0043469387755,0.66196667020892,"R","dark","PV4_D"
"289","PV5",34,"enriched",33.9045306122449,0.760903907892472,"R","dark","PV5_D"
"290","PV9",34,"enriched",34.1022857142857,0.698640176702108,"R","dark","PV9_D"
"293","PV10",36,"enriched",36.2284693877551,0.635289028327134,"R","dark","PV10_D"
"294","PV18",36,"control",35.9717959183673,0.466807267350255,"R","dark","PV18_D"
"295","PV20",36,"control",36.0862244897959,0.70274843295984,"R","dark","PV20_D"
"296","PV22",36,"control",36.2595,0.63717853075754,"R","dark","PV22_D"
"297","PV24",36,"control",35.9250816326531,0.735800153268503,"R","dark","PV24_D"
"298","PV4",36,"enriched",36.1159591836735,0.635701536061559,"R","dark","PV4_D"
"299","PV5",36,"enriched",36.1188571428571,0.708076177489474,"R","dark","PV5_D"
"300","PV9",36,"enriched",36.3026734693878,0.549162997580434,"R","dark","PV9_D"
"303","PV10",37,"enriched",36.9787755102041,0.523795062032727,"R","dark","PV10_D"
"304","PV18",37,"control",36.6884897959184,0.432513684654996,"R","dark","PV18_D"
"305","PV20",37,"control",36.9135102040816,0.613780669776107,"R","dark","PV20_D"
"306","PV22",37,"control",36.9301632653061,0.579707312957106,"R","dark","PV22_D"
"307","PV24",37,"control",36.7878979591837,0.683584095447918,"R","dark","PV24_D"
"308","PV4",37,"enriched",36.823612244898,0.538788105422608,"R","dark","PV4_D"
"309","PV5",37,"enriched",36.8743673469388,0.618932585446599,"R","dark","PV5_D"
"310","PV9",37,"enriched",37.0282857142857,0.434663386051516,"R","dark","PV9_D"
"313","PV10",38,"enriched",37.9069795918367,0.473239671830776,"R","dark","PV10_D"
"314","PV18",38,"control",38.058693877551,0.0924422678830883,"R","dark","PV18_D"
"315","PV20",38,"control",37.8134285714286,0.520475620442961,"R","dark","PV20_D"
"316","PV22",38,"control",37.9227142857143,0.457055409888419,"R","dark","PV22_D"
"317","PV24",38,"control",38.1228571428571,0.582919185078381,"R","dark","PV24_D"
"318","PV4",38,"enriched",38.0654693877551,0.497692853128241,"R","dark","PV4_D"
"319","PV5",38,"enriched",38.0917755102041,0.549337520090954,"R","dark","PV5_D"
"320","PV9",38,"enriched",37.9940612244898,0.353710131652953,"R","dark","PV9_D"
"322","PV10",39,"enriched",39.1183958333333,0.364853467031963,"R","dark","PV10_D"
"323","PV18",39,"control",38.7010416666667,0.396209714450235,"R","dark","PV18_D"
"324","PV20",39,"control",39.0467346938776,0.470479651114326,"R","dark","PV20_D"
"325","PV22",39,"control",39.0851458333333,0.435968282890809,"R","dark","PV22_D"
"326","PV24",39,"control",38.9780204081633,0.579785572547504,"R","dark","PV24_D"
"327","PV4",39,"enriched",38.902612244898,0.505856851698014,"R","dark","PV4_D"
"328","PV5",39,"enriched",38.8969375,0.591025338473714,"R","dark","PV5_D"
"329","PV9",39,"enriched",39.2268541666667,0.244674622604527,"R","dark","PV9_D"
"332","PV12",20,"enriched",20.1142040816327,0.395096437925897,"R","dark","PV12_D"
"333","PV14",20,"enriched",20.0947142857143,0.326208649971863,"R","dark","PV14_D"
"334","PV15",20,"enriched",20.0418367346939,0.272938939480246,"R","dark","PV15_D"
"335","PV16",20,"enriched",20.0931632653061,0.322237898366309,"R","dark","PV16_D"
"336","PV26",20,"control",20.2141632653061,0.221828662818631,"R","dark","PV26_D"
"337","PV27",20,"control",20.206125,0.255628278141665,"R","dark","PV27_D"
"338","PV28",20,"control",19.9975102040816,0.3067765219793,"R","dark","PV28_D"
"339","PV31",20,"control",20.1067142857143,0.40731113571071,"R","dark","PV31_D"
"342","PV12",22,"enriched",21.909306122449,0.37248794809152,"R","dark","PV12_D"
"343","PV14",22,"enriched",21.9418163265306,0.322171470308768,"R","dark","PV14_D"
"344","PV15",22,"enriched",21.942306122449,0.324509518043011,"R","dark","PV15_D"
"345","PV16",22,"enriched",22.0255714285714,0.316213314651344,"R","dark","PV16_D"
"346","PV26",22,"control",21.9934693877551,0.289382511893194,"R","dark","PV26_D"
"347","PV27",22,"control",22.0541632653061,0.255847467741544,"R","dark","PV27_D"
"348","PV28",22,"control",21.8362448979592,0.315635268182053,"R","dark","PV28_D"
"349","PV31",22,"control",21.9694285714286,0.399949362989773,"R","dark","PV31_D"
"352","PV12",24,"enriched",24.0540204081633,0.409486558077389,"R","dark","PV12_D"
"353","PV14",24,"enriched",24.0185833333333,0.346975425041934,"R","dark","PV14_D"
"354","PV15",24,"enriched",23.8648541666667,0.370357061368898,"R","dark","PV15_D"
"355","PV16",24,"enriched",24.064693877551,0.353106463154694,"R","dark","PV16_D"
"356","PV26",24,"control",24.13525,0.471829004259453,"R","dark","PV26_D"
"357","PV27",24,"control",24.1408333333333,0.277706133119136,"R","dark","PV27_D"
"358","PV28",24,"control",23.7919591836735,0.357880018565044,"R","dark","PV28_D"
"359","PV31",24,"control",23.9959166666667,0.430036652707992,"R","dark","PV31_D"
"362","PV12",28,"enriched",28.22346,0.564637859369914,"R","dark","PV12_D"
"363","PV14",28,"enriched",28.03632,0.45208811611709,"R","dark","PV14_D"
"364","PV15",28,"enriched",27.89396,0.442343887665699,"R","dark","PV15_D"
"365","PV16",28,"enriched",28.04202,0.423614266151072,"R","dark","PV16_D"
"366","PV26",28,"control",28.02544,0.389761861020769,"R","dark","PV26_D"
"367","PV27",28,"control",28.22178,0.360335949117133,"R","dark","PV27_D"
"368","PV28",28,"control",27.99206,0.426863162218477,"R","dark","PV28_D"
"369","PV31",28,"control",28.186,0.511663754077404,"R","dark","PV31_D"
"372","PV12",30,"enriched",30.09575,0.612593514995385,"R","dark","PV12_D"
"373","PV14",30,"enriched",30.050375,0.453179743503645,"R","dark","PV14_D"
"374","PV15",30,"enriched",29.9820816326531,0.492187897588458,"R","dark","PV15_D"
"375","PV16",30,"enriched",30.0729591836735,0.412636318530225,"R","dark","PV16_D"
"376","PV26",30,"control",30.1820625,0.388135453074083,"R","dark","PV26_D"
"377","PV27",30,"control",30.1922857142857,0.372526539374105,"R","dark","PV27_D"
"378","PV28",30,"control",29.9133125,0.435164946420295,"R","dark","PV28_D"
"379","PV31",30,"control",30.0826326530612,0.523072065026935,"R","dark","PV31_D"
"382","PV12",32,"enriched",31.8875918367347,0.679847330171998,"R","dark","PV12_D"
"383","PV14",32,"enriched",31.8458775510204,0.514431841778706,"R","dark","PV14_D"
"384","PV15",32,"enriched",31.7672040816327,0.4787404212854,"R","dark","PV15_D"
"385","PV16",32,"enriched",31.8987346938776,0.451861944264386,"R","dark","PV16_D"
"386","PV26",32,"control",31.9149183673469,0.477886516687288,"R","dark","PV26_D"
"387","PV27",32,"control",31.9669591836735,0.417102430399039,"R","dark","PV27_D"
"388","PV28",32,"control",31.7658571428571,0.53928688335362,"R","dark","PV28_D"
"389","PV31",32,"control",31.8930612244898,0.583389855811611,"R","dark","PV31_D"
"392","PV12",34,"enriched",33.7205416666667,0.762300355393066,"R","dark","PV12_D"
"393","PV14",34,"enriched",33.7150208333333,0.546031387695841,"R","dark","PV14_D"
"394","PV15",34,"enriched",33.5798541666667,0.577390494003131,"R","dark","PV15_D"
"395","PV16",34,"enriched",33.612125,0.477044367610366,"R","dark","PV16_D"
"396","PV26",34,"control",33.7058958333333,0.532881568539644,"R","dark","PV26_D"
"397","PV27",34,"control",33.8284791666667,0.501673069633818,"R","dark","PV27_D"
"398","PV28",34,"control",33.577625,0.569756002468864,"R","dark","PV28_D"
"399","PV31",34,"control",33.72175,0.688871322098677,"R","dark","PV31_D"
"402","PV12",36,"enriched",35.8215471698113,0.775267946763602,"R","dark","PV12_D"
"403","PV14",36,"enriched",35.6842641509434,0.571667460266046,"R","dark","PV14_D"
"404","PV15",36,"enriched",35.8940943396226,0.567647565570852,"R","dark","PV15_D"
"405","PV16",36,"enriched",35.5739811320755,0.453616401098955,"R","dark","PV16_D"
"406","PV26",36,"control",35.8553773584906,0.496725134154838,"R","dark","PV26_D"
"407","PV27",36,"control",36.0577735849057,0.459564862396968,"R","dark","PV27_D"
"408","PV28",36,"control",35.5873962264151,0.590491917798838,"R","dark","PV28_D"
"409","PV31",36,"control",35.7668113207547,0.663337969783277,"R","dark","PV31_D"
"412","PV12",37,"enriched",36.7565714285714,0.64318140387681,"R","dark","PV12_D"
"413","PV14",37,"enriched",36.762693877551,0.491252518893546,"R","dark","PV14_D"
"414","PV15",37,"enriched",36.7555714285714,0.486489762926452,"R","dark","PV15_D"
"415","PV16",37,"enriched",36.8602653061225,0.380419273066418,"R","dark","PV16_D"
"416","PV26",37,"control",36.8496326530612,0.423155706578753,"R","dark","PV26_D"
"417","PV27",37,"control",37.0319795918367,0.406506229749492,"R","dark","PV27_D"
"418","PV28",37,"control",36.5787959183673,0.520243439542983,"R","dark","PV28_D"
"419","PV31",37,"control",36.7991428571429,0.564612483982188,"R","dark","PV31_D"
"422","PV12",38,"enriched",38.0383673469388,0.535795082918233,"R","dark","PV12_D"
"423","PV14",38,"enriched",38.0996875,0.439200762044952,"R","dark","PV14_D"
"424","PV15",38,"enriched",37.9615625,0.399065994619214,"R","dark","PV15_D"
"425","PV16",38,"enriched",38.0651666666667,0.321798833738723,"R","dark","PV16_D"
"426","PV26",38,"control",38.1187551020408,0.36524634736431,"R","dark","PV26_D"
"427","PV27",38,"control",38.1701458333333,0.350139666712957,"R","dark","PV27_D"
"428","PV28",38,"control",37.9162857142857,0.445118961884889,"R","dark","PV28_D"
"429","PV31",38,"control",38.0586041666667,0.438297876646638,"R","dark","PV31_D"
"432","PV11",20,"enriched",20.3807551020408,1.04318059857224,"NP","light","PV11_L"
"433","PV21",20,"control",20.506693877551,0.290909782663358,"NP","light","PV21_L"
"434","PV29",20,"control",20.1648979591837,0.276707773591255,"NP","light","PV29_L"
"435","PV3",20,"enriched",20.4065102040816,0.316303125667269,"NP","light","PV3_L"
"436","PV30",20,"control",20.2087142857143,0.243405321820465,"NP","light","PV30_L"
"437","PV32",20,"control",20.0563469387755,0.222549629438976,"NP","light","PV32_L"
"438","PV6",20,"enriched",20.2723469387755,0.460368399082957,"NP","light","PV6_L"
"439","PV8",20,"enriched",20.2001632653061,0.361597427495896,"NP","light","PV8_L"
"442","PV11",22,"enriched",22.1185306122449,1.38277487006857,"NP","light","PV11_L"
"443","PV21",22,"control",22.1303469387755,0.331423717950796,"NP","light","PV21_L"
"444","PV29",22,"control",22.1939183673469,0.228150223951629,"NP","light","PV29_L"
"445","PV3",22,"enriched",22.1888571428571,0.412711319790878,"NP","light","PV3_L"
"446","PV30",22,"control",22.1740204081633,0.343190082536533,"NP","light","PV30_L"
"447","PV32",22,"control",22.0554489795918,0.25899345809835,"NP","light","PV32_L"
"448","PV6",22,"enriched",22.3161428571429,0.707592698299555,"NP","light","PV6_L"
"449","PV8",22,"enriched",22.3210204081633,0.523481627590935,"NP","light","PV8_L"
"452","PV11",24,"enriched",24.0060816326531,1.65620676393981,"NP","light","PV11_L"
"453","PV21",24,"control",23.9980816326531,0.490699441521457,"NP","light","PV21_L"
"454","PV29",24,"control",24.0382857142857,0.264672441793233,"NP","light","PV29_L"
"455","PV3",24,"enriched",24.0345714285714,0.498038909296926,"NP","light","PV3_L"
"456","PV30",24,"control",24.0187551020408,0.465755391886319,"NP","light","PV30_L"
"457","PV32",24,"control",23.8543469387755,0.325544728010019,"NP","light","PV32_L"
"458","PV6",24,"enriched",24.0328775510204,0.8863483810906,"NP","light","PV6_L"
"459","PV8",24,"enriched",24.1182448979592,0.700349950818428,"NP","light","PV8_L"
"462","PV11",28,"enriched",28.3392040816327,1.65196217638952,"NP","light","PV11_L"
"463","PV21",28,"control",28.2615918367347,0.636406535273742,"NP","light","PV21_L"
"464","PV29",28,"control",28.1310204081633,0.265621203433535,"NP","light","PV29_L"
"465","PV3",28,"enriched",28.3474693877551,0.55887865727768,"NP","light","PV3_L"
"466","PV30",28,"control",28.2978367346939,0.57474956971988,"NP","light","PV30_L"
"467","PV32",28,"control",28.2052244897959,0.420808086568388,"NP","light","PV32_L"
"468","PV6",28,"enriched",28.4565306122449,0.998728135407755,"NP","light","PV6_L"
"469","PV8",28,"enriched",28.5437142857143,0.58726780558564,"NP","light","PV8_L"
"472","PV11",30,"enriched",30.09154,1.48385658862934,"NP","light","PV11_L"
"473","PV21",30,"control",30.0845882352941,0.584740211887763,"NP","light","PV21_L"
"474","PV29",30,"control",30.0386666666667,0.237308219710265,"NP","light","PV29_L"
"475","PV3",30,"enriched",30.0760784313726,0.513325603098674,"NP","light","PV3_L"
"476","PV30",30,"control",30.08814,0.50569734320784,"NP","light","PV30_L"
"477","PV32",30,"control",29.897568627451,0.350118540481781,"NP","light","PV32_L"
"478","PV6",30,"enriched",30.1167450980392,1.00642836138258,"NP","light","PV6_L"
"479","PV8",30,"enriched",30.1508039215686,0.744606569117251,"NP","light","PV8_L"
"482","PV11",32,"enriched",32.0218163265306,1.35864445651844,"NP","light","PV11_L"
"483","PV21",32,"control",32.0327346938776,0.536095887219079,"NP","light","PV21_L"
"484","PV29",32,"control",31.9884897959184,0.19683718523831,"NP","light","PV29_L"
"485","PV3",32,"enriched",31.9849183673469,0.483512908662354,"NP","light","PV3_L"
"486","PV30",32,"control",32.0599591836735,0.456975313195426,"NP","light","PV30_L"
"487","PV32",32,"control",31.8538163265306,0.316627157697881,"NP","light","PV32_L"
"488","PV6",32,"enriched",32.030306122449,0.835506859841395,"NP","light","PV6_L"
"489","PV8",32,"enriched",32.0992857142857,0.659953098663438,"NP","light","PV8_L"
"492","PV11",34,"enriched",34.1729591836735,1.02520728287127,"NP","light","PV11_L"
"493","PV21",34,"control",34.1758571428571,0.296261792665515,"NP","light","PV21_L"
"494","PV29",34,"control",34.1454693877551,0.0464179708739163,"NP","light","PV29_L"
"495","PV3",34,"enriched",34.200387755102,0.363869408883105,"NP","light","PV3_L"
"496","PV30",34,"control",34.1845510204082,0.205615107162858,"NP","light","PV30_L"
"497","PV32",34,"control",33.9099387755102,0.178027646844684,"NP","light","PV32_L"
"498","PV6",34,"enriched",34.215693877551,0.704490326370754,"NP","light","PV6_L"
"499","PV8",34,"enriched",34.2871224489796,0.592571361140465,"NP","light","PV8_L"
"502","PV11",36,"enriched",35.94656,0.799311444885718,"NP","light","PV11_L"
"503","PV21",36,"control",36.08004,-0.0310548718622905,"NP","light","PV21_L"
"504","PV29",36,"control",36.04228,-0.0921173530220965,"NP","light","PV29_L"
"505","PV3",36,"enriched",35.99932,0.165190966523988,"NP","light","PV3_L"
"506","PV30",36,"control",35.9629,-0.0628247950948892,"NP","light","PV30_L"
"507","PV32",36,"control",35.91518,-0.0380596228728484,"NP","light","PV32_L"
"508","PV6",36,"enriched",36.02688,0.375524565521236,"NP","light","PV6_L"
"509","PV8",36,"enriched",36.14864,0.371033191004116,"NP","light","PV8_L"
"512","PV11",37,"enriched",36.8862448979592,0.267681928968272,"NP","light","PV11_L"
"513","PV21",37,"control",36.9739591836735,-0.278436091358439,"NP","light","PV21_L"
"514","PV29",37,"control",36.9343265306122,-0.323810619353263,"NP","light","PV29_L"
"515","PV3",37,"enriched",36.7622857142857,0.0115132632067863,"NP","light","PV3_L"
"516","PV30",37,"control",36.9504693877551,-0.324094549586072,"NP","light","PV30_L"
"517","PV32",37,"control",36.5031020408163,-0.200751470902706,"NP","light","PV32_L"
"518","PV6",37,"enriched",36.9624081632653,0.0113872026414598,"NP","light","PV6_L"
"519","PV8",37,"enriched",37.1542448979592,0.03994152464851,"NP","light","PV8_L"
"522","PV1",20,"enriched",20.143,0.521974800182856,"NP","light","PV1_L"
"523","PV13",20,"enriched",20.3144489795918,0.567754250595095,"NP","light","PV13_L"
"524","PV17",20,"control",20.2912653061224,0.334938611538382,"NP","light","PV17_L"
"525","PV19",20,"control",20.2296530612245,0.361284216424892,"NP","light","PV19_L"
"526","PV2",20,"enriched",20.2281020408163,0.566997567633805,"NP","light","PV2_L"
"527","PV23",20,"control",20.2705918367347,0.211658237168159,"NP","light","PV23_L"
"528","PV25",20,"control",20.2253469387755,0.209271175096941,"NP","light","PV25_L"
"529","PV7",20,"enriched",20.1194693877551,0.641489474216939,"NP","light","PV7_L"
"532","PV1",22,"enriched",22.0640408163265,0.700940139330973,"NP","light","PV1_L"
"533","PV13",22,"enriched",22.2181428571429,0.813896118466153,"NP","light","PV13_L"
"534","PV17",22,"control",22.2725102040816,0.504971361126682,"NP","light","PV17_L"
"535","PV19",22,"control",22.1870612244898,0.485623228259039,"NP","light","PV19_L"
"536","PV2",22,"enriched",22.1582653061224,0.732446978825811,"NP","light","PV2_L"
"537","PV23",22,"control",22.1770204081633,0.375040864868564,"NP","light","PV23_L"
"538","PV25",22,"control",22.0562448979592,0.388896125956868,"NP","light","PV25_L"
"539","PV7",22,"enriched",21.8479183673469,0.834652027926795,"NP","light","PV7_L"
"542","PV1",24,"enriched",24.0332448979592,0.7490786296756,"NP","light","PV1_L"
"543","PV13",24,"enriched",24.2386734693878,0.917175905007771,"NP","light","PV13_L"
"544","PV17",24,"control",24.2278367346939,0.652423913772323,"NP","light","PV17_L"
"545","PV19",24,"control",24.1592244897959,0.608286760009382,"NP","light","PV19_L"
"546","PV2",24,"enriched",24.187306122449,0.827389199825874,"NP","light","PV2_L"
"547","PV23",24,"control",24.1500408163265,0.421977101657369,"NP","light","PV23_L"
"548","PV25",24,"control",24.1966734693878,0.47770440661472,"NP","light","PV25_L"
"549","PV7",24,"enriched",24.0387551020408,0.905610884268954,"NP","light","PV7_L"
"552","PV1",28,"enriched",27.9360625,0.845532473436198,"NP","light","PV1_L"
"553","PV13",28,"enriched",28.1387346938776,1.05002046873819,"NP","light","PV13_L"
"554","PV17",28,"control",28.1240408163265,0.696404633859069,"NP","light","PV17_L"
"555","PV19",28,"control",28.0668775510204,0.784172241802162,"NP","light","PV19_L"
"556","PV2",28,"enriched",28.0461224489796,0.967254273770896,"NP","light","PV2_L"
"557","PV23",28,"control",28.073125,0.540017163684794,"NP","light","PV23_L"
"558","PV25",28,"control",28.0547551020408,0.586800752186093,"NP","light","PV25_L"
"559","PV7",28,"enriched",27.880306122449,0.965213369922133,"NP","light","PV7_L"
"562","PV1",30,"enriched",29.9081632653061,0.809082320456418,"NP","light","PV1_L"
"563","PV13",30,"enriched",30.0080816326531,1.01998024087762,"NP","light","PV13_L"
"564","PV17",30,"control",30.0161020408163,0.648805276193432,"NP","light","PV17_L"
"565","PV19",30,"control",29.9941020408163,0.725817384881876,"NP","light","PV19_L"
"566","PV2",30,"enriched",29.9935918367347,1.01406277838144,"NP","light","PV2_L"
"567","PV23",30,"control",30.0087142857143,0.444795156648283,"NP","light","PV23_L"
"568","PV25",30,"control",29.9960204081633,0.583107925955057,"NP","light","PV25_L"
"569","PV7",30,"enriched",29.829693877551,0.966246003130177,"NP","light","PV7_L"
"572","PV1",32,"enriched",31.8693265306122,0.678971883920306,"NP","light","PV1_L"
"573","PV13",32,"enriched",32.0584285714286,0.913658147090409,"NP","light","PV13_L"
"574","PV17",32,"control",32.0928163265306,0.56393109216651,"NP","light","PV17_L"
"575","PV19",32,"control",32.0420408163265,0.634948984834233,"NP","light","PV19_L"
"576","PV2",32,"enriched",31.9526326530612,0.94319934536346,"NP","light","PV2_L"
"577","PV23",32,"control",31.9784285714286,0.378286844554181,"NP","light","PV23_L"
"578","PV25",32,"control",32.0164081632653,0.497110195856245,"NP","light","PV25_L"
"579","PV7",32,"enriched",31.8847959183673,0.85602945696017,"NP","light","PV7_L"
"582","PV1",34,"enriched",33.9848775510204,0.536460365278398,"NP","light","PV1_L"
"583","PV13",34,"enriched",34.3008775510204,0.773257848068738,"NP","light","PV13_L"
"584","PV17",34,"control",34.2208163265306,0.432133598787058,"NP","light","PV17_L"
"585","PV19",34,"control",34.2190204081633,0.507291008081172,"NP","light","PV19_L"
"586","PV2",34,"enriched",34.1697551020408,0.790054174888188,"NP","light","PV2_L"
"587","PV23",34,"control",34.1631020408163,0.204871245116061,"NP","light","PV23_L"
"588","PV25",34,"control",34.2318163265306,0.365441383694132,"NP","light","PV25_L"
"589","PV7",34,"enriched",34.0370612244898,0.597346176068358,"NP","light","PV7_L"
"592","PV1",36,"enriched",35.7536530612245,0.296377242881031,"NP","light","PV1_L"
"593","PV13",36,"enriched",36.0332448979592,0.487241279871891,"NP","light","PV13_L"
"594","PV17",36,"control",36.0268979591837,0.192661426523754,"NP","light","PV17_L"
"595","PV19",36,"control",35.9962857142857,0.129224334979227,"NP","light","PV19_L"
"596","PV2",36,"enriched",35.8857142857143,0.464748232689455,"NP","light","PV2_L"
"597","PV23",36,"control",35.9330408163265,0.050873354699777,"NP","light","PV23_L"
"598","PV25",36,"control",36.031693877551,0.0708869552248414,"NP","light","PV25_L"
"599","PV7",36,"enriched",35.7597551020408,0.414263950827579,"NP","light","PV7_L"
"602","PV1",37,"enriched",36.5995306122449,0.0792376088738838,"NP","light","PV1_L"
"603","PV13",37,"enriched",36.8524489795918,0.106463013480294,"NP","light","PV13_L"
"604","PV17",37,"control",36.8387346938775,-0.118632964041636,"NP","light","PV17_L"
"605","PV19",37,"control",36.7926530612245,-0.182729887959444,"NP","light","PV19_L"
"606","PV2",37,"enriched",36.7722040816327,0.0629023648273526,"NP","light","PV2_L"
"607","PV23",37,"control",36.7618775510204,-0.20671742659286,"NP","light","PV23_L"
"608","PV25",37,"control",36.8182244897959,-0.257386639702117,"NP","light","PV25_L"
"609","PV7",37,"enriched",36.5903673469388,0.0906372294982963,"NP","light","PV7_L"
"612","PV10",20,"enriched",20.2497142857143,0.729757068521387,"NP","light","PV10_L"
"613","PV18",20,"control",20.3711428571429,0.165113815435268,"NP","light","PV18_L"
"614","PV20",20,"control",20.130387755102,0.379430062616088,"NP","light","PV20_L"
"615","PV22",20,"control",20.300612244898,0.423801785445155,"NP","light","PV22_L"
"616","PV24",20,"control",20.2529183673469,0.386076375431654,"NP","light","PV24_L"
"617","PV4",20,"enriched",20.3405714285714,0.352979477718604,"NP","light","PV4_L"
"618","PV5",20,"enriched",20.3179591836735,0.724747653423818,"NP","light","PV5_L"
"619","PV9",20,"enriched",20.0914285714286,0.378883124585106,"NP","light","PV9_L"
"622","PV10",22,"enriched",22.0837755102041,0.843290553259977,"NP","light","PV10_L"
"623","PV18",22,"control",22.2338571428571,0.358466380275028,"NP","light","PV18_L"
"624","PV20",22,"control",22.198693877551,0.522530725065808,"NP","light","PV20_L"
"625","PV22",22,"control",22.2049387755102,0.52572377021993,"NP","light","PV22_L"
"626","PV24",22,"control",22.1466530612245,0.495698810312836,"NP","light","PV24_L"
"627","PV4",22,"enriched",22.2052244897959,0.79510568426465,"NP","light","PV4_L"
"628","PV5",22,"enriched",22.2627755102041,1.11091603406262,"NP","light","PV5_L"
"629","PV9",22,"enriched",22.2263673469388,0.723232869012422,"NP","light","PV9_L"
"632","PV10",24,"enriched",24.1124285714286,0.819429904817302,"NP","light","PV10_L"
"633","PV18",24,"control",24.2751632653061,0.403420480305757,"NP","light","PV18_L"
"634","PV20",24,"control",24.0522040816327,0.631422628921615,"NP","light","PV20_L"
"635","PV22",24,"control",24.1971836734694,0.558081959027464,"NP","light","PV22_L"
"636","PV24",24,"control",24.1887142857143,0.542757172899451,"NP","light","PV24_L"
"637","PV4",24,"enriched",24.2491836734694,0.802223430627676,"NP","light","PV4_L"
"638","PV5",24,"enriched",24.1824897959184,1.14091340334639,"NP","light","PV5_L"
"639","PV9",24,"enriched",24.0601428571429,0.845139686937149,"NP","light","PV9_L"
"642","PV10",28,"enriched",28.07214,0.783022537002013,"NP","light","PV10_L"
"643","PV18",28,"control",28.13016,0.541241452067205,"NP","light","PV18_L"
"644","PV20",28,"control",27.92272,0.810899076185839,"NP","light","PV20_L"
"645","PV22",28,"control",28.01506,0.746595970014067,"NP","light","PV22_L"
"646","PV24",28,"control",27.9894,0.634428606639928,"NP","light","PV24_L"
"647","PV4",28,"enriched",28.14626,0.996308789673395,"NP","light","PV4_L"
"648","PV5",28,"enriched",28.0282,1.08677980815903,"NP","light","PV5_L"
"649","PV9",28,"enriched",28.0875714285714,0.741060623703574,"NP","light","PV9_L"
"652","PV10",30,"enriched",30.0192448979592,0.813484201601297,"NP","light","PV10_L"
"653","PV18",30,"control",30.16,0.491532717599219,"NP","light","PV18_L"
"654","PV20",30,"control",29.9070204081633,0.605048858215714,"NP","light","PV20_L"
"655","PV22",30,"control",30.0832653061224,0.63224833380993,"NP","light","PV22_L"
"656","PV24",30,"control",30.0785714285714,0.615335518106051,"NP","light","PV24_L"
"657","PV4",30,"enriched",30.1071020408163,0.913431837013263,"NP","light","PV4_L"
"658","PV5",30,"enriched",30.1178775510204,1.01677486142877,"NP","light","PV5_L"
"659","PV9",30,"enriched",30.0725510204082,0.979064766087146,"NP","light","PV9_L"
"662","PV10",32,"enriched",31.8951224489796,0.700486440207212,"NP","light","PV10_L"
"663","PV18",32,"control",32.0074897959184,0.471388378978602,"NP","light","PV18_L"
"664","PV20",32,"control",31.8206326530612,0.560680098679561,"NP","light","PV20_L"
"665","PV22",32,"control",31.9745510204082,0.614163757921531,"NP","light","PV22_L"
"666","PV24",32,"control",31.9676326530612,0.491756522744619,"NP","light","PV24_L"
"667","PV4",32,"enriched",31.9473265306122,0.863122186657621,"NP","light","PV4_L"
"668","PV5",32,"enriched",31.9735918367347,0.981569126357356,"NP","light","PV5_L"
"669","PV9",32,"enriched",31.9387959183673,0.630004315797199,"NP","light","PV9_L"
"672","PV10",34,"enriched",33.8941020408163,0.654884654851317,"NP","light","PV10_L"
"673","PV18",34,"control",34.0230204081633,0.32854069344458,"NP","light","PV18_L"
"674","PV20",34,"control",33.7774285714286,0.481832199007676,"NP","light","PV20_L"
"675","PV22",34,"control",33.9076734693878,0.375982545339826,"NP","light","PV22_L"
"676","PV24",34,"control",33.9510612244898,0.477211640128563,"NP","light","PV24_L"
"677","PV4",34,"enriched",33.9805306122449,0.716299535839656,"NP","light","PV4_L"
"678","PV5",34,"enriched",34.0170612244898,0.765861499611034,"NP","light","PV5_L"
"679","PV9",34,"enriched",33.9465102040816,0.55377808453878,"NP","light","PV9_L"
"682","PV10",36,"enriched",36.0263265306122,0.332818160672153,"NP","light","PV10_L"
"683","PV18",36,"control",36.1488571428571,0.0299755645068174,"NP","light","PV18_L"
"684","PV20",36,"control",35.8797551020408,0.299158350308088,"NP","light","PV20_L"
"685","PV22",36,"control",36.1038571428571,0.0199878806161323,"NP","light","PV22_L"
"686","PV24",36,"control",36.0410204081633,0.189640174745268,"NP","light","PV24_L"
"687","PV4",36,"enriched",36.0839591836735,0.304464218066003,"NP","light","PV4_L"
"688","PV5",36,"enriched",36.1029591836735,0.410354280482094,"NP","light","PV5_L"
"689","PV9",36,"enriched",36.0606734693878,0.260907060721904,"NP","light","PV9_L"
"692","PV10",37,"enriched",36.789625,-0.00786442303955777,"NP","light","PV10_L"
"693","PV18",37,"control",37.09325,-0.238578795834725,"NP","light","PV18_L"
"694","PV20",37,"control",37.0242291666667,-0.284841676602978,"NP","light","PV20_L"
"695","PV22",37,"control",37.1302083333333,-0.237762955639193,"NP","light","PV22_L"
"696","PV24",37,"control",36.9145,-0.211560797893886,"NP","light","PV24_L"
"697","PV4",37,"enriched",37.1425416666667,-0.150057116442248,"NP","light","PV4_L"
"698","PV5",37,"enriched",36.9796875,-0.00349805141647219,"NP","light","PV5_L"
"699","PV9",37,"enriched",37.0881041666667,-0.253402534698368,"NP","light","PV9_L"
"702","PV12",20,"enriched",20.0743469387755,0.789803155769922,"NP","light","PV12_L"
"703","PV14",20,"enriched",20.2384583333333,0.655584685998026,"NP","light","PV14_L"
"704","PV15",20,"enriched",20.2072040816327,0.859023540667283,"NP","light","PV15_L"
"705","PV16",20,"enriched",20.4085102040816,0.538964165373413,"NP","light","PV16_L"
"706","PV26",20,"control",20.2394375,0.289549356119467,"NP","light","PV26_L"
"707","PV27",20,"control",20.1508979591837,0.316263394101733,"NP","light","PV27_L"
"708","PV28",20,"control",20.1925714285714,0.10422524311357,"NP","light","PV28_L"
"709","PV31",20,"control",20.2701666666667,0.262848462480858,"NP","light","PV31_L"
"712","PV12",22,"enriched",21.9527959183673,0.93191080752175,"NP","light","PV12_L"
"713","PV14",22,"enriched",22.3929387755102,0.739326402364225,"NP","light","PV14_L"
"714","PV15",22,"enriched",22.4308163265306,0.984927043781426,"NP","light","PV15_L"
"715","PV16",22,"enriched",22.4978979591837,0.733095904887309,"NP","light","PV16_L"
"716","PV26",22,"control",22.1070204081633,0.409250492499841,"NP","light","PV26_L"
"717","PV27",22,"control",22.1774081632653,0.425581762597951,"NP","light","PV27_L"
"718","PV28",22,"control",21.9619591836735,0.11919540793683,"NP","light","PV28_L"
"719","PV31",22,"control",22.2604693877551,0.39193903696004,"NP","light","PV31_L"
"722","PV12",24,"enriched",23.8697959183673,0.998580175207411,"NP","light","PV12_L"
"723","PV14",24,"enriched",24.041387755102,0.90757532659322,"NP","light","PV14_L"
"724","PV15",24,"enriched",23.9843673469388,1.08192523276368,"NP","light","PV15_L"
"725","PV16",24,"enriched",24.1047959183673,0.785049261562161,"NP","light","PV16_L"
"726","PV26",24,"control",24.0220408163265,0.519210685998732,"NP","light","PV26_L"
"727","PV27",24,"control",23.8548979591837,0.523751289742154,"NP","light","PV27_L"
"728","PV28",24,"control",24.0012653061224,0.157855684570888,"NP","light","PV28_L"
"729","PV31",24,"control",24.0841836734694,0.486683537895819,"NP","light","PV31_L"
"732","PV12",28,"enriched",27.8707551020408,1.00992964086321,"NP","light","PV12_L"
"733","PV14",28,"enriched",27.9868163265306,0.969479598442802,"NP","light","PV14_L"
"734","PV15",28,"enriched",27.9503469387755,1.11308003324,"NP","light","PV15_L"
"735","PV16",28,"enriched",28.032693877551,0.869986974400916,"NP","light","PV16_L"
"736","PV26",28,"control",27.8801632653061,0.698354064907281,"NP","light","PV26_L"
"737","PV27",28,"control",27.843693877551,0.632005503394516,"NP","light","PV27_L"
"738","PV28",28,"control",27.8751632653061,0.318300036375644,"NP","light","PV28_L"
"739","PV31",28,"control",27.9587551020408,0.613047855365183,"NP","light","PV31_L"
"742","PV12",30,"enriched",29.913387755102,1.00379397293163,"NP","light","PV12_L"
"743","PV14",30,"enriched",30.0665510204082,1.05591316826645,"NP","light","PV14_L"
"744","PV15",30,"enriched",30.074,1.04365241568448,"NP","light","PV15_L"
"745","PV16",30,"enriched",30.1189183673469,0.889649633814943,"NP","light","PV16_L"
"746","PV26",30,"control",30.0164285714286,0.649816383444417,"NP","light","PV26_L"
"747","PV27",30,"control",29.9192040816327,0.569480768692714,"NP","light","PV27_L"
"748","PV28",30,"control",30.0111836734694,0.269892989341742,"NP","light","PV28_L"
"749","PV31",30,"control",30.1258163265306,0.587163291215125,"NP","light","PV31_L"
"752","PV12",32,"enriched",31.857612244898,0.901433367759787,"NP","light","PV12_L"
"753","PV14",32,"enriched",32.1897959183673,0.953772788618043,"NP","light","PV14_L"
"754","PV15",32,"enriched",32.1170816326531,0.914447950092507,"NP","light","PV15_L"
"755","PV16",32,"enriched",32.3518775510204,0.637496995178799,"NP","light","PV16_L"
"756","PV26",32,"control",32.1817755102041,0.545907451324076,"NP","light","PV26_L"
"757","PV27",32,"control",32.0349183673469,0.533468059856398,"NP","light","PV27_L"
"758","PV28",32,"control",32.0731836734694,0.228842732981526,"NP","light","PV28_L"
"759","PV31",32,"control",32.2231020408163,0.546881264103556,"NP","light","PV31_L"
"762","PV12",34,"enriched",33.8214897959184,0.784045017900046,"NP","light","PV12_L"
"763","PV14",34,"enriched",34.0067142857143,0.742920163297856,"NP","light","PV14_L"
"764","PV15",34,"enriched",33.9818367346939,0.798974975561331,"NP","light","PV15_L"
"765","PV16",34,"enriched",34.0831836734694,0.518694440614982,"NP","light","PV16_L"
"766","PV26",34,"control",33.9845918367347,0.376071952016711,"NP","light","PV26_L"
"767","PV27",34,"control",33.841693877551,0.313073439797405,"NP","light","PV27_L"
"768","PV28",34,"control",33.9951224489796,0.0819352323020582,"NP","light","PV28_L"
"769","PV31",34,"control",34.0187959183673,0.381086757729081,"NP","light","PV31_L"
"772","PV12",36,"enriched",35.6529795918367,0.521907115291607,"NP","light","PV12_L"
"773","PV14",36,"enriched",35.8266666666667,0.619433943283028,"NP","light","PV14_L"
"774","PV15",36,"enriched",35.8769183673469,0.518143820707319,"NP","light","PV15_L"
"775","PV16",36,"enriched",35.900387755102,0.434145638451873,"NP","light","PV16_L"
"776","PV26",36,"control",35.8152040816327,0.084743760279395,"NP","light","PV26_L"
"777","PV27",36,"control",35.6732708333333,0.0681171003536843,"NP","light","PV27_L"
"778","PV28",36,"control",35.7540408163265,-0.065008095307556,"NP","light","PV28_L"
"779","PV31",36,"control",35.90125,0.152751849389827,"NP","light","PV31_L"
"782","PV12",37,"enriched",36.8368979591837,0.126599709919806,"NP","light","PV12_L"
"783","PV14",37,"enriched",37.0195102040816,0.197463043640404,"NP","light","PV14_L"
"784","PV15",37,"enriched",37.0471428571429,0.153888227040569,"NP","light","PV15_L"
"785","PV16",37,"enriched",37.1678571428571,0.131448436552398,"NP","light","PV16_L"
"786","PV26",37,"control",36.8794693877551,-0.185383868759455,"NP","light","PV26_L"
"787","PV27",37,"control",36.800306122449,-0.158934222309128,"NP","light","PV27_L"
"788","PV28",37,"control",37.0409795918367,-0.244065081817937,"NP","light","PV28_L"
"789","PV31",37,"control",37.1414489795918,-0.115236931156237,"NP","light","PV31_L"
"1","PV1",20,"enriched",20.107,0.839561772763809,"GP","light","PV1_L"
"2","PV1",22,"enriched",21.9733979591837,1.04284806959163,"GP","light","PV1_L"
"311","PV1",24,"enriched",23.9816326530613,1.13640199615186,"GP","light","PV1_L"
"410","PV1",28,"enriched",28.0501536989796,1.30143399885755,"GP","light","PV1_L"
"510","PV1",30,"enriched",30.0034489795918,1.26100602954305,"GP","light","PV1_L"
"610","PV1",32,"enriched",31.8834840200231,1.20432419445439,"GP","light","PV1_L"
"710","PV1",34,"enriched",33.8564387755102,1.08660679686524,"GP","light","PV1_L"
"810","PV1",36,"enriched",35.6607908163266,0.851259579197055,"GP","light","PV1_L"
"910","PV1",37,"enriched",36.7656632653061,0.530697983017411,"GP","light","PV1_L"
"1010","PV10",20,"enriched",20.2224081632653,1.0182502682023,"GP","light","PV10_L"
"11","PV10",22,"enriched",22.1223775510204,1.19426107291984,"GP","light","PV10_L"
"12","PV10",24,"enriched",24.2132642857143,1.23405916787145,"GP","light","PV10_L"
"1310","PV10",28,"enriched",28.1740393877551,1.32131246327402,"GP","light","PV10_L"
"1410","PV10",30,"enriched",30.0114387755102,1.38877897941016,"GP","light","PV10_L"
"1510","PV10",32,"enriched",31.9101428571429,1.35516462956886,"GP","light","PV10_L"
"1610","PV10",34,"enriched",33.963387755102,1.33309232754189,"GP","light","PV10_L"
"1710","PV10",36,"enriched",36.1273979591837,0.968107188999287,"GP","light","PV10_L"
"1810","PV10",37,"enriched",36.8842002551021,0.515930638993169,"GP","light","PV10_L"
"1910","PV11",20,"enriched",20.2182375510204,1.27817544322489,"GP","light","PV11_L"
"2010","PV11",22,"enriched",22.0650612244898,1.60343565802726,"GP","light","PV11_L"
"21","PV11",24,"enriched",24.0925714285714,1.91217511103199,"GP","light","PV11_L"
"22","PV11",28,"enriched",28.2453775510205,1.99873516305331,"GP","light","PV11_L"
"2310","PV11",30,"enriched",30.0879332653061,1.8438389511061,"GP","light","PV11_L"
"2410","PV11",32,"enriched",31.9753163265306,1.75050076646098,"GP","light","PV11_L"
"2510","PV11",34,"enriched",34.0283979591837,1.51226634045367,"GP","light","PV11_L"
"2610","PV11",36,"enriched",35.9392187755102,1.20646645770772,"GP","light","PV11_L"
"2710","PV11",37,"enriched",36.8356734693877,0.629522127605677,"GP","light","PV11_L"
"2810","PV12",20,"enriched",20.0942755102041,1.18489959369582,"GP","light","PV12_L"
"291","PV12",22,"enriched",21.9310510204081,1.30439875561327,"GP","light","PV12_L"
"301","PV12",24,"enriched",23.9619081632653,1.4080667332848,"GP","light","PV12_L"
"31","PV12",28,"enriched",28.0471075510204,1.57456750023313,"GP","light","PV12_L"
"32","PV12",30,"enriched",30.004568877551,1.61638748792701,"GP","light","PV12_L"
"331","PV12",32,"enriched",31.8726020408163,1.58128069793179,"GP","light","PV12_L"
"341","PV12",34,"enriched",33.7710157312926,1.54634537329311,"GP","light","PV12_L"
"351","PV12",36,"enriched",35.737263380824,1.29717506205521,"GP","light","PV12_L"
"361","PV12",37,"enriched",36.7967346938776,0.769781113796616,"GP","light","PV12_L"
"371","PV13",20,"enriched",20.184581632653,0.978730083479667,"GP","light","PV13_L"
"381","PV13",22,"enriched",22.055387755102,1.23827488563974,"GP","light","PV13_L"
"391","PV13",24,"enriched",24.0764795918368,1.38888407532631,"GP","light","PV13_L"
"401","PV13",28,"enriched",28.1439081632654,1.65157381348825,"GP","light","PV13_L"
"41","PV13",30,"enriched",30.0012755102041,1.65790196578087,"GP","light","PV13_L"
"42","PV13",32,"enriched",31.9564642857143,1.56531831249048,"GP","light","PV13_L"
"431","PV13",34,"enriched",34.0262653061225,1.5302803116722,"GP","light","PV13_L"
"441","PV13",36,"enriched",35.981506377551,1.19721182818942,"GP","light","PV13_L"
"451","PV13",37,"enriched",36.9018265306123,0.744010376439002,"GP","light","PV13_L"
"461","PV14",20,"enriched",20.1665863095238,0.981793335969889,"GP","light","PV14_L"
"471","PV14",22,"enriched",22.1673775510204,1.06149787267299,"GP","light","PV14_L"
"481","PV14",24,"enriched",24.0299855442177,1.25455075163515,"GP","light","PV14_L"
"491","PV14",28,"enriched",28.0115681632653,1.42156771455989,"GP","light","PV14_L"
"501","PV14",30,"enriched",30.0584630102041,1.5090929117701,"GP","light","PV14_L"
"51","PV14",32,"enriched",32.0178367346939,1.46820463039675,"GP","light","PV14_L"
"52","PV14",34,"enriched",33.8608675595238,1.2889515509937,"GP","light","PV14_L"
"531","PV14",36,"enriched",35.7554654088051,1.19110140354907,"GP","light","PV14_L"
"541","PV14",37,"enriched",36.8911020408163,0.688715562533949,"GP","light","PV14_L"
"551","PV15",20,"enriched",20.1245204081633,1.13196248014753,"GP","light","PV15_L"
"561","PV15",22,"enriched",22.1865612244898,1.30943656182444,"GP","light","PV15_L"
"571","PV15",24,"enriched",23.9246107568027,1.45228229413257,"GP","light","PV15_L"
"581","PV15",28,"enriched",27.9221534693878,1.5554239209057,"GP","light","PV15_L"
"591","PV15",30,"enriched",30.0280408163266,1.53584031327294,"GP","light","PV15_L"
"601","PV15",32,"enriched",31.9421428571429,1.39318837137791,"GP","light","PV15_L"
"61","PV15",34,"enriched",33.7808454506803,1.37636546956446,"GP","light","PV15_L"
"62","PV15",36,"enriched",35.8855063534848,1.08579138627817,"GP","light","PV15_L"
"631","PV15",37,"enriched",36.9013571428572,0.640377989967021,"GP","light","PV15_L"
"641","PV16",20,"enriched",20.2508367346938,0.861202063739721,"GP","light","PV16_L"
"651","PV16",22,"enriched",22.2617346938775,1.04930921953865,"GP","light","PV16_L"
"661","PV16",24,"enriched",24.0847448979592,1.13815572471685,"GP","light","PV16_L"
"671","PV16",28,"enriched",28.0373569387755,1.29360124055199,"GP","light","PV16_L"
"681","PV16",30,"enriched",30.0959387755102,1.30228595234517,"GP","light","PV16_L"
"691","PV16",32,"enriched",32.125306122449,1.08935893944319,"GP","light","PV16_L"
"701","PV16",34,"enriched",33.8476543367347,0.995738808225348,"GP","light","PV16_L"
"71","PV16",36,"enriched",35.7371844435888,0.887762039550828,"GP","light","PV16_L"
"72","PV16",37,"enriched",37.0140612244898,0.511867709618816,"GP","light","PV16_L"
"731","PV17",20,"control",20.1704081632653,0.666598320179297,"GP","light","PV17_L"
"741","PV17",22,"control",22.0408571428571,0.817257209027373,"GP","light","PV17_L"
"751","PV17",24,"control",24.0612346938776,1.00608810260822,"GP","light","PV17_L"
"761","PV17",28,"control",28.0956632653061,1.17228201004845,"GP","light","PV17_L"
"771","PV17",30,"control",30.0270918367347,1.13481730366695,"GP","light","PV17_L"
"781","PV17",32,"control",31.9801952003024,1.05356928290952,"GP","light","PV17_L"
"791","PV17",34,"control",33.9034693877551,0.981544460148641,"GP","light","PV17_L"
"801","PV17",36,"control",35.8342346938775,0.735362975341309,"GP","light","PV17_L"
"81","PV17",37,"control",36.8785102040816,0.373183750082052,"GP","light","PV17_L"
"82","PV18",20,"control",20.1475102040816,0.509315530604175,"GP","light","PV18_L"
"831","PV18",22,"control",22.0953571428571,0.656481246301933,"GP","light","PV18_L"
"841","PV18",24,"control",24.2082916326531,0.726261688339745,"GP","light","PV18_L"
"851","PV18",28,"control",28.0956718367347,0.919824087804817,"GP","light","PV18_L"
"861","PV18",30,"control",29.9957551020408,0.934985911436211,"GP","light","PV18_L"
"871","PV18",32,"control",31.8622346938776,0.962559199412583,"GP","light","PV18_L"
"881","PV18",34,"control",33.9261326530612,0.888048079248076,"GP","light","PV18_L"
"891","PV18",36,"control",36.0603265306122,0.496782831857072,"GP","light","PV18_L"
"901","PV18",37,"control",36.8908698979592,0.19393488882027,"GP","light","PV18_L"
"91","PV19",20,"control",20.1662040816326,0.577173621304355,"GP","light","PV19_L"
"92","PV19",22,"control",22.0421836734694,0.692363477565633,"GP","light","PV19_L"
"931","PV19",24,"control",24.0886530612245,0.859140181963331,"GP","light","PV19_L"
"941","PV19",28,"control",28.1143673469387,1.10079191710882,"GP","light","PV19_L"
"951","PV19",30,"control",30.0780816326531,1.05318506563991,"GP","light","PV19_L"
"961","PV19",32,"control",31.9915944822373,0.993435084115349,"GP","light","PV19_L"
"971","PV19",34,"control",34.1024591836735,0.906339436937559,"GP","light","PV19_L"
"981","PV19",36,"control",36.0674910714285,0.461110591381113,"GP","light","PV19_L"
"991","PV19",37,"control",36.9377959183673,0.119149663661914,"GP","light","PV19_L"
"1001","PV2",20,"enriched",20.1345408163265,1.02031514185646,"GP","light","PV2_L"
"101","PV2",22,"enriched",21.963806122449,1.19748643817511,"GP","light","PV2_L"
"102","PV2",24,"enriched",24.0310612244898,1.34420560918431,"GP","light","PV2_L"
"1031","PV2",28,"enriched",28.0917551020408,1.63886149156246,"GP","light","PV2_L"
"1041","PV2",30,"enriched",29.9888163265306,1.73585642749012,"GP","light","PV2_L"
"1051","PV2",32,"enriched",31.9107329931973,1.75720592576508,"GP","light","PV2_L"
"1061","PV2",34,"enriched",34.0693877551021,1.6154098166368,"GP","light","PV2_L"
"1071","PV2",36,"enriched",35.8771964285715,1.22966746493275,"GP","light","PV2_L"
"1081","PV2",37,"enriched",36.8317346938776,0.669444198387049,"GP","light","PV2_L"
"1091","PV20",20,"control",20.0555,0.75092829905681,"GP","light","PV20_L"
"1101","PV20",22,"control",22.1048775510204,0.906857159253809,"GP","light","PV20_L"
"111","PV20",24,"control",24.1456320408163,1.07859312017336,"GP","light","PV20_L"
"112","PV20",28,"control",28.0660640816327,1.33711548813774,"GP","light","PV20_L"
"1131","PV20",30,"control",29.9369693877551,1.1756434845275,"GP","light","PV20_L"
"1141","PV20",32,"control",31.8448673469387,1.30922746306243,"GP","light","PV20_L"
"1151","PV20",34,"control",33.9605,1.29244974099442,"GP","light","PV20_L"
"1161","PV20",36,"control",35.9829897959183,1.00190678326793,"GP","light","PV20_L"
"1171","PV20",37,"control",36.9688696853741,0.328938993173129,"GP","light","PV20_L"
"1181","PV21",20,"control",20.2975369387755,0.551114750818717,"GP","light","PV21_L"
"1191","PV21",22,"control",22.0931224489796,0.592581399600393,"GP","light","PV21_L"
"1201","PV21",24,"control",24.1451632653062,0.782446537184464,"GP","light","PV21_L"
"121","PV21",28,"control",28.2049183673469,0.974330240472345,"GP","light","PV21_L"
"122","PV21",30,"control",30.0547328931573,0.950571114848004,"GP","light","PV21_L"
"1231","PV21",32,"control",31.9863265306122,0.936083841542873,"GP","light","PV21_L"
"1241","PV21",34,"control",33.9966224489796,0.792334091532435,"GP","light","PV21_L"
"1251","PV21",36,"control",36.0705302040816,0.424876679106749,"GP","light","PV21_L"
"1261","PV21",37,"control",36.9178163265307,0.127532205013529,"GP","light","PV21_L"
"1271","PV22",20,"control",20.1874081632654,0.708020866353203,"GP","light","PV22_L"
"1281","PV22",22,"control",22.1105918367347,0.868039827934295,"GP","light","PV22_L"
"1291","PV22",24,"control",24.2305018367347,0.973317017940465,"GP","light","PV22_L"
"1301","PV22",28,"control",28.1182748979592,1.20391031809683,"GP","light","PV22_L"
"131","PV22",30,"control",30.0466326530612,1.11935900882514,"GP","light","PV22_L"
"132","PV22",32,"control",31.9538265306123,1.16358649173003,"GP","light","PV22_L"
"1331","PV22",34,"control",33.9398775510205,0.99564748988168,"GP","light","PV22_L"
"1341","PV22",36,"control",36.1816785714285,0.657166411373673,"GP","light","PV22_L"
"1351","PV22",37,"control",37.0301857993197,0.341944357317913,"GP","light","PV22_L"
"1361","PV23",20,"control",20.0608265306122,0.41213486987751,"GP","light","PV23_L"
"1371","PV23",22,"control",21.959,0.613434952329819,"GP","light","PV23_L"
"1381","PV23",24,"control",23.9521122448979,0.708996180062452,"GP","light","PV23_L"
"1391","PV23",28,"control",28.0661339285714,0.908402716941688,"GP","light","PV23_L"
"1401","PV23",30,"control",29.9726530612245,0.874647688544514,"GP","light","PV23_L"
"141","PV23",32,"control",31.84248787062,0.824621709645584,"GP","light","PV23_L"
"142","PV23",34,"control",33.8873265306122,0.632258287466745,"GP","light","PV23_L"
"1431","PV23",36,"control",35.8560382653061,0.433393838555125,"GP","light","PV23_L"
"1441","PV23",37,"control",36.7766836734694,0.100577208187513,"GP","light","PV23_L"
"1451","PV24",20,"control",20.1449897959183,0.77100191602423,"GP","light","PV24_L"
"1461","PV24",22,"control",22.0337040816326,0.889613955708463,"GP","light","PV24_L"
"1471","PV24",24,"control",24.1796871428572,0.987241375742513,"GP","light","PV24_L"
"1481","PV24",28,"control",28.0661387755102,1.17564824515856,"GP","light","PV24_L"
"1491","PV24",30,"control",30.0208571428571,1.27484260495529,"GP","light","PV24_L"
"1501","PV24",32,"control",31.9181326530612,1.22154253481439,"GP","light","PV24_L"
"151","PV24",34,"control",33.9216836734694,1.28731441688896,"GP","light","PV24_L"
"152","PV24",36,"control",35.9830510204082,0.92544032801377,"GP","light","PV24_L"
"1531","PV24",37,"control",36.8511989795918,0.472023297554032,"GP","light","PV24_L"
"1541","PV25",20,"control",20.2825102040816,0.773790832529161,"GP","light","PV25_L"
"1551","PV25",22,"control",22.0074081632653,1.00117644227475,"GP","light","PV25_L"
"1561","PV25",24,"control",24.0867551020409,1.11088562435813,"GP","light","PV25_L"
"1571","PV25",28,"control",28.1624795918367,1.33615439550567,"GP","light","PV25_L"
"1581","PV25",30,"control",30.062,1.31301549462233,"GP","light","PV25_L"
"1591","PV25",32,"control",31.9599077853363,1.33797238600515,"GP","light","PV25_L"
"1601","PV25",34,"control",34.1343061224489,1.32423350173505,"GP","light","PV25_L"
"161","PV25",36,"control",36.0650165816326,1.02864756107432,"GP","light","PV25_L"
"162","PV25",37,"control",36.9621836734694,0.636240362703492,"GP","light","PV25_L"
"1631","PV26",20,"control",20.2268003826531,0.511378018938098,"GP","light","PV26_L"
"1641","PV26",22,"control",22.0502448979592,0.698633004393035,"GP","light","PV26_L"
"1651","PV26",24,"control",24.0786454081632,0.991039690258185,"GP","light","PV26_L"
"1661","PV26",28,"control",27.952801632653,1.08811592592805,"GP","light","PV26_L"
"1671","PV26",30,"control",30.0992455357143,1.0379518365185,"GP","light","PV26_L"
"1681","PV26",32,"control",32.0483469387755,1.02379396801136,"GP","light","PV26_L"
"1691","PV26",34,"control",33.845243835034,0.908953520556355,"GP","light","PV26_L"
"1701","PV26",36,"control",35.8352907200616,0.581468894434233,"GP","light","PV26_L"
"171","PV26",37,"control",36.8645510204082,0.237771837819298,"GP","light","PV26_L"
"172","PV27",20,"control",20.1785114795918,0.571891672243398,"GP","light","PV27_L"
"1731","PV27",22,"control",22.1157857142857,0.681429230339495,"GP","light","PV27_L"
"1741","PV27",24,"control",23.9978656462585,0.801457422861289,"GP","light","PV27_L"
"1751","PV27",28,"control",28.0327369387755,0.992341452511649,"GP","light","PV27_L"
"1761","PV27",30,"control",30.0557448979592,0.94200730806682,"GP","light","PV27_L"
"1771","PV27",32,"control",32.0009387755102,0.950570490255438,"GP","light","PV27_L"
"1781","PV27",34,"control",33.8350865221089,0.814746509431223,"GP","light","PV27_L"
"1791","PV27",36,"control",35.8655222091195,0.527681962750652,"GP","light","PV27_L"
"1801","PV27",37,"control",36.9161428571429,0.247572007440364,"GP","light","PV27_L"
"181","PV28",20,"control",20.0950408163265,0.41100176509287,"GP","light","PV28_L"
"182","PV28",22,"control",21.8991020408164,0.434830676118883,"GP","light","PV28_L"
"1831","PV28",24,"control",23.896612244898,0.515735703135932,"GP","light","PV28_L"
"1841","PV28",28,"control",27.933611632653,0.745163198594121,"GP","light","PV28_L"
"1851","PV28",30,"control",29.9622480867347,0.705057935762037,"GP","light","PV28_L"
"1861","PV28",32,"control",31.9195204081633,0.768129616335146,"GP","light","PV28_L"
"1871","PV28",34,"control",33.7863737244898,0.651691234770923,"GP","light","PV28_L"
"1881","PV28",36,"control",35.6707185213708,0.525483822491282,"GP","light","PV28_L"
"1891","PV28",37,"control",36.809887755102,0.276178357725046,"GP","light","PV28_L"
"1901","PV29",20,"control",20.1735389795919,0.437823545413662,"GP","light","PV29_L"
"191","PV29",22,"control",22.1773673469388,0.438264651457643,"GP","light","PV29_L"
"192","PV29",24,"control",24.0920204081633,0.495882873903893,"GP","light","PV29_L"
"1931","PV29",28,"control",28.1885,0.446205257003013,"GP","light","PV29_L"
"1941","PV29",30,"control",30.043455782313,0.53270525409871,"GP","light","PV29_L"
"1951","PV29",32,"control",31.9440510204082,0.508719478487818,"GP","light","PV29_L"
"1961","PV29",34,"control",34.0454489795919,0.433661016052625,"GP","light","PV29_L"
"1971","PV29",36,"control",35.9860277551021,0.285003206796425,"GP","light","PV29_L"
"1981","PV29",37,"control",36.8957653061225,0.0436872785585672,"GP","light","PV29_L"
"1991","PV3",20,"enriched",20.2039351020408,1.04484053768303,"GP","light","PV3_L"
"2001","PV3",22,"enriched",22.1796326530612,0.982748283824551,"GP","light","PV3_L"
"201","PV3",24,"enriched",24.0908367346939,1.13831601414718,"GP","light","PV3_L"
"202","PV3",28,"enriched",28.2027448979592,1.38707306799167,"GP","light","PV3_L"
"2031","PV3",30,"enriched",30.0793555422169,1.4154705566933,"GP","light","PV3_L"
"2041","PV3",32,"enriched",31.912,1.41005524460325,"GP","light","PV3_L"
"2051","PV3",34,"enriched",34.026887755102,1.50509622837799,"GP","light","PV3_L"
"2061","PV3",36,"enriched",35.8978742857143,1.20466629459491,"GP","light","PV3_L"
"2071","PV3",37,"enriched",36.817,0.932767518296309,"GP","light","PV3_L"
"2081","PV30",20,"control",20.0537571428572,0.532147648419762,"GP","light","PV30_L"
"2091","PV30",22,"control",22.1008469387756,0.566638441730685,"GP","light","PV30_L"
"2101","PV30",24,"control",24.0910510204082,0.727141013156472,"GP","light","PV30_L"
"211","PV30",28,"control",28.2112653061224,0.93398587891673,"GP","light","PV30_L"
"212","PV30",30,"control",30.0762230612245,0.916837809134818,"GP","light","PV30_L"
"2131","PV30",32,"control",31.9887857142857,0.874861249723563,"GP","light","PV30_L"
"2141","PV30",34,"control",34.0536224489796,0.697597385394452,"GP","light","PV30_L"
"2151","PV30",36,"control",35.9513479591837,0.424964016752609,"GP","light","PV30_L"
"2161","PV30",37,"control",36.9452959183673,0.14575950824628,"GP","light","PV30_L"
"2171","PV31",20,"control",20.1884404761905,0.670159598191569,"GP","light","PV31_L"
"2181","PV31",22,"control",22.1149489795919,0.791888399949813,"GP","light","PV31_L"
"2191","PV31",24,"control",24.040050170068,0.916720190603811,"GP","light","PV31_L"
"2201","PV31",28,"control",28.0723775510204,1.12471160944259,"GP","light","PV31_L"
"221","PV31",30,"control",30.1042244897959,1.11023535624206,"GP","light","PV31_L"
"222","PV31",32,"control",32.058081632653,1.13027111991517,"GP","light","PV31_L"
"2231","PV31",34,"control",33.8702729591837,1.06995807982776,"GP","light","PV31_L"
"2241","PV31",36,"control",35.8340306603774,0.816089819173104,"GP","light","PV31_L"
"2251","PV31",37,"control",36.9702959183673,0.449375552825952,"GP","light","PV31_L"
"2261","PV32",20,"control",19.9800134693877,0.494362422377651,"GP","light","PV32_L"
"2271","PV32",22,"control",21.9574897959183,0.530687967424136,"GP","light","PV32_L"
"2281","PV32",24,"control",23.9370714285714,0.643779269747352,"GP","light","PV32_L"
"2291","PV32",28,"control",28.0576122448979,0.759685194457371,"GP","light","PV32_L"
"2301","PV32",30,"control",29.8472843137255,0.722095239340262,"GP","light","PV32_L"
"231","PV32",32,"control",31.8066836734694,0.726060296958891,"GP","light","PV32_L"
"232","PV32",34,"control",33.8415714285714,0.650271655582348,"GP","light","PV32_L"
"2331","PV32",36,"control",35.795896122449,0.446507118365476,"GP","light","PV32_L"
"2341","PV32",37,"control",36.568581632653,0.261065219982629,"GP","light","PV32_L"
"2351","PV4",20,"enriched",20.2468265306123,0.656381478189094,"GP","light","PV4_L"
"2361","PV4",22,"enriched",22.1309795918367,1.12337274702252,"GP","light","PV4_L"
"2371","PV4",24,"enriched",24.2125318367347,1.18114031250707,"GP","light","PV4_L"
"2381","PV4",28,"enriched",28.10713,1.43557172829708,"GP","light","PV4_L"
"2391","PV4",30,"enriched",30.0349591836735,1.41243554164505,"GP","light","PV4_L"
"2401","PV4",32,"enriched",31.8778367346939,1.41482644733143,"GP","light","PV4_L"
"241","PV4",34,"enriched",33.9924387755102,1.37826620604858,"GP","light","PV4_L"
"242","PV4",36,"enriched",36.0999591836735,0.940165754127562,"GP","light","PV4_L"
"2431","PV4",37,"enriched",36.9830769557824,0.38873098898036,"GP","light","PV4_L"
"2441","PV5",20,"enriched",20.258387755102,1.13899351602341,"GP","light","PV5_L"
"2451","PV5",22,"enriched",22.1699387755102,1.48487145812074,"GP","light","PV5_L"
"2461","PV5",24,"enriched",24.2233948979592,1.56096872665131,"GP","light","PV5_L"
"2471","PV5",28,"enriched",28.1138244897959,1.57164944348402,"GP","light","PV5_L"
"2481","PV5",30,"enriched",30.0379795918368,1.6013196837305,"GP","light","PV5_L"
"2491","PV5",32,"enriched",31.9228775510204,1.59943896452728,"GP","light","PV5_L"
"2501","PV5",34,"enriched",33.9607959183674,1.52676540750351,"GP","light","PV5_L"
"251","PV5",36,"enriched",36.1109081632653,1.11843045797157,"GP","light","PV5_L"
"252","PV5",37,"enriched",36.9270274234694,0.615434534030127,"GP","light","PV5_L"
"2531","PV6",20,"enriched",20.1188934693877,0.786154823300713,"GP","light","PV6_L"
"2541","PV6",22,"enriched",22.0647551020408,0.981068587164839,"GP","light","PV6_L"
"2551","PV6",24,"enriched",24.0555714285714,1.18934177943471,"GP","light","PV6_L"
"2561","PV6",28,"enriched",28.1226530612245,1.35016416291204,"GP","light","PV6_L"
"2571","PV6",30,"enriched",29.9791888755502,1.41911228234025,"GP","light","PV6_L"
"2581","PV6",32,"enriched",31.8992244897959,1.30437848899958,"GP","light","PV6_L"
"2591","PV6",34,"enriched",33.9442653061224,1.2439069437909,"GP","light","PV6_L"
"2601","PV6",36,"enriched",35.8854808163265,0.906560874293804,"GP","light","PV6_L"
"261","PV6",37,"enriched",36.8586428571429,0.486575630126335,"GP","light","PV6_L"
"262","PV7",20,"enriched",19.9864081632653,0.983489718295474,"GP","light","PV7_L"
"2631","PV7",22,"enriched",21.7592040816326,1.2521086537564,"GP","light","PV7_L"
"2641","PV7",24,"enriched",23.8900204081632,1.38448235741186,"GP","light","PV7_L"
"2651","PV7",28,"enriched",27.9345510204082,1.57661237331665,"GP","light","PV7_L"
"2661","PV7",30,"enriched",29.8574285714285,1.58952202701604,"GP","light","PV7_L"
"2671","PV7",32,"enriched",31.8016572184429,1.57008922925533,"GP","light","PV7_L"
"2681","PV7",34,"enriched",33.8348469387755,1.33578001373958,"GP","light","PV7_L"
"2691","PV7",36,"enriched",35.8369221938775,1.15628720120687,"GP","light","PV7_L"
"2701","PV7",37,"enriched",36.7124693877551,0.65895984770492,"GP","light","PV7_L"
"271","PV8",20,"enriched",20.174951632653,0.639324539659979,"GP","light","PV8_L"
"272","PV8",22,"enriched",22.199112244898,0.760897703129899,"GP","light","PV8_L"
"2731","PV8",24,"enriched",24.1415612244898,0.955261550126748,"GP","light","PV8_L"
"2741","PV8",28,"enriched",28.3381020408164,0.881309629393274,"GP","light","PV8_L"
"2751","PV8",30,"enriched",30.0633101240496,1.070510715644,"GP","light","PV8_L"
"2761","PV8",32,"enriched",32.0264183673469,1.03641009590135,"GP","light","PV8_L"
"2771","PV8",34,"enriched",34.1089387755102,1.05102540981878,"GP","light","PV8_L"
"2781","PV8",36,"enriched",36.0350342857143,0.841184591026654,"GP","light","PV8_L"
"2791","PV8",37,"enriched",36.9139387755102,0.474527702904882,"GP","light","PV8_L"
"2801","PV9",20,"enriched",20.1462346938776,0.73002413774975,"GP","light","PV9_L"
"281","PV9",22,"enriched",22.1695204081633,1.06495488740349,"GP","light","PV9_L"
"282","PV9",24,"enriched",24.1935314285715,1.25363139932649,"GP","light","PV9_L"
"2831","PV9",28,"enriched",28.1860612244898,1.23323965053813,"GP","light","PV9_L"
"2841","PV9",30,"enriched",30.0657040816326,1.52994638383894,"GP","light","PV9_L"
"2851","PV9",32,"enriched",31.9564387755102,1.19166525631613,"GP","light","PV9_L"
"2861","PV9",34,"enriched",34.0243979591836,1.25241826124089,"GP","light","PV9_L"
"2871","PV9",36,"enriched",36.1816734693878,0.810070058302338,"GP","light","PV9_L"
"2881","PV9",37,"enriched",37.0581949404762,0.181260851353148,"GP","light","PV9_L"
