"","tank.number","Date.Time","Temp"
"1",1,2019-10-12 15:08:00,23.196
"3",1,2019-10-12 15:38:00,26.292
"4",1,2019-10-12 16:08:00,26.195
"5",1,2019-10-12 16:38:00,26.39
"6",1,2019-10-12 17:08:00,26.488
"7",1,2019-10-12 17:38:00,26.292
"8",1,2019-10-12 18:08:00,26.39
"9",1,2019-10-12 18:38:00,26.39
"10",1,2019-10-12 19:08:00,26.39
"12",1,2019-10-12 19:38:00,23.1
"14",1,2019-10-12 20:08:00,26.195
"15",1,2019-10-12 20:38:00,26.097
"16",1,2019-10-12 21:08:00,26
"17",1,2019-10-12 21:38:00,25.902
"18",1,2019-10-12 22:08:00,25.805
"19",1,2019-10-12 22:38:00,25.805
"20",1,2019-10-12 23:08:00,25.708
"21",1,2019-10-12 23:38:00,25.61
"22",1,2019-10-13 00:08:00,25.513
"23",1,2019-10-13 00:38:00,25.416
"24",1,2019-10-13 01:08:00,25.319
"25",1,2019-10-13 01:38:00,25.319
"26",1,2019-10-13 02:08:00,25.222
"27",1,2019-10-13 02:38:00,25.125
"28",1,2019-10-13 03:08:00,25.125
"29",1,2019-10-13 03:38:00,25.028
"30",1,2019-10-13 04:08:00,25.028
"31",1,2019-10-13 04:38:00,24.931
"32",1,2019-10-13 05:08:00,24.835
"33",1,2019-10-13 05:38:00,24.835
"34",1,2019-10-13 06:08:00,24.738
"35",1,2019-10-13 06:38:00,24.738
"36",1,2019-10-13 07:08:00,24.738
"37",1,2019-10-13 07:38:00,24.641
"38",1,2019-10-13 08:08:00,24.545
"39",1,2019-10-13 08:38:00,24.545
"40",1,2019-10-13 09:08:00,24.545
"41",1,2019-10-13 09:38:00,24.641
"42",1,2019-10-13 10:08:00,24.641
"43",1,2019-10-13 10:38:00,24.738
"44",1,2019-10-13 11:08:00,24.931
"45",1,2019-10-13 11:38:00,25.319
"46",1,2019-10-13 12:08:00,25.61
"47",1,2019-10-13 12:38:00,26
"48",1,2019-10-13 13:08:00,26.292
"49",1,2019-10-13 13:38:00,26.585
"50",1,2019-10-13 14:08:00,26.781
"51",1,2019-10-13 14:38:00,27.075
"52",1,2019-10-13 15:08:00,27.272
"53",1,2019-10-13 15:38:00,27.37
"54",1,2019-10-13 16:08:00,27.468
"55",1,2019-10-13 16:38:00,27.567
"56",1,2019-10-13 17:08:00,27.075
"61",1,2019-10-13 17:38:00,27.665
"62",1,2019-10-13 18:08:00,27.468
"63",1,2019-10-13 18:38:00,27.37
"64",1,2019-10-13 19:08:00,27.272
"65",1,2019-10-13 19:38:00,27.272
"66",1,2019-10-13 20:08:00,27.075
"67",1,2019-10-13 20:38:00,26.977
"68",1,2019-10-13 21:08:00,26.781
"69",1,2019-10-13 21:38:00,26.683
"70",1,2019-10-13 22:08:00,26.585
"71",1,2019-10-13 22:38:00,26.488
"72",1,2019-10-13 23:08:00,26.292
"73",1,2019-10-13 23:38:00,26.195
"74",1,2019-10-14 00:08:00,26.097
"75",1,2019-10-14 00:38:00,26
"76",1,2019-10-14 01:08:00,25.902
"77",1,2019-10-14 01:38:00,25.805
"78",1,2019-10-14 02:08:00,25.708
"79",1,2019-10-14 02:38:00,25.708
"80",1,2019-10-14 03:08:00,25.61
"81",1,2019-10-14 03:38:00,25.513
"82",1,2019-10-14 04:08:00,25.513
"83",1,2019-10-14 04:38:00,25.513
"84",1,2019-10-14 05:08:00,25.513
"85",1,2019-10-14 05:38:00,25.416
"86",1,2019-10-14 06:08:00,25.416
"87",1,2019-10-14 06:38:00,25.319
"88",1,2019-10-14 07:08:00,25.319
"89",1,2019-10-14 07:38:00,25.319
"90",1,2019-10-14 08:08:00,25.222
"91",1,2019-10-14 08:38:00,25.222
"92",1,2019-10-14 09:08:00,25.125
"93",1,2019-10-14 09:38:00,25.319
"94",1,2019-10-14 10:08:00,25.319
"95",1,2019-10-14 10:38:00,25.513
"96",1,2019-10-14 11:08:00,25.708
"97",1,2019-10-14 11:38:00,26
"98",1,2019-10-14 12:08:00,26.195
"99",1,2019-10-14 12:38:00,26.39
"100",1,2019-10-14 13:08:00,26.39
"101",1,2019-10-14 13:38:00,26.683
"102",1,2019-10-14 14:08:00,26.683
"103",1,2019-10-14 14:38:00,26.683
"104",1,2019-10-14 15:08:00,26.879
"105",1,2019-10-14 15:38:00,26.781
"106",1,2019-10-14 16:08:00,26.683
"107",1,2019-10-14 16:38:00,26.781
"108",1,2019-10-14 17:08:00,26.879
"109",1,2019-10-14 17:38:00,26.781
"110",1,2019-10-14 18:08:00,26.781
"111",1,2019-10-14 18:38:00,26.977
"112",1,2019-10-14 19:08:00,26.977
"113",1,2019-10-14 19:38:00,26.977
"114",1,2019-10-14 20:08:00,26.879
"115",1,2019-10-14 20:38:00,26.781
"116",1,2019-10-14 21:08:00,26.683
"117",1,2019-10-14 21:38:00,26.488
"118",1,2019-10-14 22:08:00,26.39
"119",1,2019-10-14 22:38:00,26.292
"120",1,2019-10-14 23:08:00,26.292
"121",1,2019-10-14 23:38:00,26.195
"122",1,2019-10-15 00:08:00,26
"123",1,2019-10-15 00:38:00,25.902
"124",1,2019-10-15 01:08:00,25.805
"125",1,2019-10-15 01:38:00,25.708
"126",1,2019-10-15 02:08:00,25.708
"127",1,2019-10-15 02:38:00,25.61
"128",1,2019-10-15 03:08:00,25.513
"129",1,2019-10-15 03:38:00,25.513
"130",1,2019-10-15 04:08:00,25.416
"131",1,2019-10-15 04:38:00,25.416
"132",1,2019-10-15 05:08:00,25.416
"133",1,2019-10-15 05:38:00,25.319
"134",1,2019-10-15 06:08:00,25.319
"135",1,2019-10-15 06:38:00,25.319
"136",1,2019-10-15 07:08:00,25.222
"137",1,2019-10-15 07:38:00,25.222
"138",1,2019-10-15 08:08:00,25.222
"139",1,2019-10-15 08:38:00,25.125
"140",1,2019-10-15 09:08:00,25.125
"141",1,2019-10-15 09:38:00,25.222
"142",1,2019-10-15 10:08:00,25.319
"143",1,2019-10-15 10:38:00,25.416
"144",1,2019-10-15 11:08:00,25.61
"145",1,2019-10-15 11:38:00,25.902
"146",1,2019-10-15 12:08:00,26.195
"147",1,2019-10-15 12:38:00,26.39
"148",1,2019-10-15 13:08:00,26.683
"149",1,2019-10-15 13:38:00,26.977
"150",1,2019-10-15 14:08:00,27.173
"151",1,2019-10-15 14:38:00,27.272
"152",1,2019-10-15 15:08:00,27.37
"153",1,2019-10-15 15:38:00,27.567
"154",1,2019-10-15 16:08:00,27.665
"155",1,2019-10-15 16:38:00,27.862
"156",1,2019-10-15 17:08:00,27.961
"157",1,2019-10-15 17:38:00,28.159
"158",1,2019-10-15 18:08:00,28.258
"159",1,2019-10-15 18:38:00,28.357
"160",1,2019-10-15 19:08:00,28.258
"161",1,2019-10-15 19:38:00,28.159
"162",1,2019-10-15 20:08:00,28.06
"163",1,2019-10-15 20:38:00,27.961
"164",1,2019-10-15 21:08:00,27.764
"165",1,2019-10-15 21:38:00,27.665
"166",1,2019-10-15 22:08:00,27.567
"167",1,2019-10-15 22:38:00,27.468
"168",1,2019-10-15 23:08:00,27.37
"169",1,2019-10-15 23:38:00,27.272
"170",1,2019-10-16 00:08:00,27.075
"171",1,2019-10-16 00:38:00,27.075
"172",1,2019-10-16 01:08:00,26.977
"173",1,2019-10-16 01:38:00,26.879
"174",1,2019-10-16 02:08:00,26.781
"175",1,2019-10-16 02:38:00,26.683
"176",1,2019-10-16 03:08:00,26.585
"177",1,2019-10-16 03:38:00,26.585
"178",1,2019-10-16 04:08:00,26.488
"179",1,2019-10-16 04:38:00,26.39
"180",1,2019-10-16 05:08:00,26.292
"181",1,2019-10-16 05:38:00,26.292
"182",1,2019-10-16 06:08:00,26.195
"183",1,2019-10-16 06:38:00,26.097
"184",1,2019-10-16 07:08:00,26.097
"185",1,2019-10-16 07:38:00,26
"186",1,2019-10-16 08:08:00,26
"187",1,2019-10-16 08:38:00,25.902
"188",1,2019-10-16 09:08:00,25.902
"189",1,2019-10-16 09:38:00,25.902
"190",1,2019-10-16 10:08:00,26
"191",1,2019-10-16 10:38:00,26
"192",1,2019-10-16 11:08:00,26.195
"193",1,2019-10-16 11:38:00,26.488
"194",1,2019-10-16 12:08:00,26.683
"195",1,2019-10-16 12:38:00,26.781
"196",1,2019-10-16 13:08:00,27.173
"197",1,2019-10-16 13:38:00,27.468
"198",1,2019-10-16 14:08:00,27.665
"199",1,2019-10-16 14:38:00,27.961
"200",1,2019-10-16 15:08:00,28.06
"201",1,2019-10-16 15:38:00,27.961
"202",1,2019-10-16 16:08:00,27.961
"203",1,2019-10-16 16:38:00,27.862
"204",1,2019-10-16 17:08:00,27.764
"205",1,2019-10-16 17:38:00,27.665
"206",1,2019-10-16 18:08:00,27.468
"207",1,2019-10-16 18:38:00,27.567
"208",1,2019-10-16 19:08:00,27.665
"209",1,2019-10-16 19:38:00,27.567
"210",1,2019-10-16 20:08:00,27.567
"211",1,2019-10-16 20:38:00,27.468
"212",1,2019-10-16 21:08:00,27.37
"213",1,2019-10-16 21:38:00,27.272
"214",1,2019-10-16 22:08:00,27.173
"215",1,2019-10-16 22:38:00,27.075
"216",1,2019-10-16 23:08:00,26.977
"217",1,2019-10-16 23:38:00,26.879
"218",1,2019-10-17 00:08:00,26.781
"219",1,2019-10-17 00:38:00,26.781
"220",1,2019-10-17 01:08:00,26.683
"221",1,2019-10-17 01:38:00,26.585
"222",1,2019-10-17 02:08:00,26.488
"223",1,2019-10-17 02:38:00,26.488
"224",1,2019-10-17 03:08:00,26.39
"225",1,2019-10-17 03:38:00,26.292
"226",1,2019-10-17 04:08:00,26.292
"227",1,2019-10-17 04:38:00,26.195
"228",1,2019-10-17 05:08:00,26.195
"229",1,2019-10-17 05:38:00,26.195
"230",1,2019-10-17 06:08:00,26.097
"231",1,2019-10-17 06:38:00,26.097
"232",1,2019-10-17 07:08:00,26.097
"233",1,2019-10-17 07:38:00,26
"234",1,2019-10-17 08:08:00,26
"235",1,2019-10-17 08:38:00,26
"236",1,2019-10-17 09:08:00,25.902
"237",1,2019-10-17 09:38:00,26
"238",1,2019-10-17 10:08:00,26
"239",1,2019-10-17 10:38:00,26.097
"240",1,2019-10-17 11:08:00,26.292
"241",1,2019-10-17 11:38:00,26.39
"242",1,2019-10-17 12:08:00,26.585
"243",1,2019-10-17 12:38:00,26.879
"244",1,2019-10-17 13:08:00,27.173
"245",1,2019-10-17 13:38:00,27.468
"246",1,2019-10-17 14:08:00,27.665
"247",1,2019-10-17 14:38:00,27.862
"248",1,2019-10-17 15:08:00,27.961
"249",1,2019-10-17 15:38:00,28.06
"250",1,2019-10-17 16:08:00,28.258
"251",1,2019-10-17 16:38:00,28.258
"252",1,2019-10-17 17:08:00,28.258
"253",1,2019-10-17 17:38:00,28.258
"254",1,2019-10-17 18:08:00,28.258
"255",1,2019-10-17 18:38:00,28.258
"256",1,2019-10-17 19:08:00,28.258
"257",1,2019-10-17 19:38:00,28.258
"258",1,2019-10-17 20:08:00,28.159
"259",1,2019-10-17 20:38:00,28.06
"260",1,2019-10-17 21:08:00,27.961
"261",1,2019-10-17 21:38:00,27.764
"262",1,2019-10-17 22:08:00,27.665
"263",1,2019-10-17 22:38:00,27.567
"264",1,2019-10-17 23:08:00,27.468
"265",1,2019-10-17 23:38:00,27.37
"266",1,2019-10-18 00:08:00,27.272
"267",1,2019-10-18 00:38:00,27.173
"268",1,2019-10-18 01:08:00,27.075
"269",1,2019-10-18 01:38:00,26.977
"270",1,2019-10-18 02:08:00,26.879
"271",1,2019-10-18 02:38:00,26.879
"272",1,2019-10-18 03:08:00,26.781
"273",1,2019-10-18 03:38:00,26.781
"274",1,2019-10-18 04:08:00,26.683
"275",1,2019-10-18 04:38:00,26.585
"276",1,2019-10-18 05:08:00,26.585
"277",1,2019-10-18 05:38:00,26.488
"278",1,2019-10-18 06:08:00,26.488
"279",1,2019-10-18 06:38:00,26.39
"280",1,2019-10-18 07:08:00,26.39
"281",1,2019-10-18 07:38:00,26.292
"282",1,2019-10-18 08:08:00,26.292
"283",1,2019-10-18 08:38:00,26.195
"284",1,2019-10-18 09:08:00,26.195
"285",1,2019-10-18 09:38:00,26.195
"286",1,2019-10-18 10:08:00,26.195
"287",1,2019-10-18 10:38:00,26.292
"288",1,2019-10-18 11:08:00,26.488
"289",1,2019-10-18 11:38:00,26.683
"290",1,2019-10-18 12:08:00,26.879
"291",1,2019-10-18 12:38:00,27.075
"292",1,2019-10-18 13:08:00,27.37
"293",1,2019-10-18 13:38:00,27.567
"294",1,2019-10-18 14:08:00,27.764
"295",1,2019-10-18 14:38:00,27.961
"296",1,2019-10-18 15:08:00,28.258
"297",1,2019-10-18 15:38:00,28.357
"298",1,2019-10-18 16:08:00,28.555
"299",1,2019-10-18 16:38:00,28.754
"300",1,2019-10-18 17:08:00,28.853
"301",1,2019-10-18 17:38:00,28.953
"302",1,2019-10-18 18:08:00,28.853
"303",1,2019-10-18 18:38:00,28.853
"304",1,2019-10-18 19:08:00,28.853
"305",1,2019-10-18 19:38:00,28.754
"306",1,2019-10-18 20:08:00,28.555
"307",1,2019-10-18 20:38:00,28.456
"308",1,2019-10-18 21:08:00,28.258
"309",1,2019-10-18 21:38:00,28.159
"310",1,2019-10-18 22:08:00,28.06
"311",1,2019-10-18 22:38:00,27.862
"312",1,2019-10-18 23:08:00,27.764
"313",1,2019-10-18 23:38:00,27.665
"314",1,2019-10-19 00:08:00,27.567
"315",1,2019-10-19 00:38:00,27.468
"316",1,2019-10-19 01:08:00,27.37
"317",1,2019-10-19 01:38:00,27.272
"318",1,2019-10-19 02:08:00,27.173
"319",1,2019-10-19 02:38:00,27.075
"320",1,2019-10-19 03:08:00,27.075
"321",1,2019-10-19 03:38:00,26.977
"322",1,2019-10-19 04:08:00,26.879
"323",1,2019-10-19 04:38:00,26.879
"324",1,2019-10-19 05:08:00,26.781
"325",1,2019-10-19 05:38:00,26.781
"326",1,2019-10-19 06:08:00,26.683
"327",1,2019-10-19 06:38:00,26.585
"328",1,2019-10-19 07:08:00,26.585
"329",1,2019-10-19 07:38:00,26.488
"330",1,2019-10-19 08:08:00,26.39
"331",1,2019-10-19 08:38:00,26.39
"332",1,2019-10-19 09:08:00,26.39
"333",1,2019-10-19 09:38:00,26.39
"334",1,2019-10-19 10:08:00,26.39
"335",1,2019-10-19 10:38:00,26.488
"336",1,2019-10-19 11:08:00,26.683
"337",1,2019-10-19 11:38:00,26.879
"338",1,2019-10-19 12:08:00,27.173
"339",1,2019-10-19 12:38:00,27.272
"340",1,2019-10-19 13:08:00,27.665
"341",1,2019-10-19 13:38:00,27.961
"342",1,2019-10-19 14:08:00,28.159
"343",1,2019-10-19 14:38:00,28.357
"344",1,2019-10-19 15:08:00,28.456
"345",1,2019-10-19 15:38:00,28.655
"346",1,2019-10-19 16:08:00,28.555
"347",1,2019-10-19 16:38:00,28.456
"348",1,2019-10-19 17:08:00,28.456
"349",1,2019-10-19 17:38:00,28.456
"350",1,2019-10-19 18:08:00,28.456
"351",1,2019-10-19 18:38:00,28.456
"352",1,2019-10-19 19:08:00,28.456
"353",1,2019-10-19 19:38:00,28.357
"354",1,2019-10-19 20:08:00,28.258
"355",1,2019-10-19 20:38:00,28.159
"356",1,2019-10-19 21:08:00,28.06
"357",1,2019-10-19 21:38:00,27.862
"358",1,2019-10-19 22:08:00,27.764
"359",1,2019-10-19 22:38:00,27.665
"360",1,2019-10-19 23:08:00,27.567
"361",1,2019-10-19 23:38:00,27.468
"362",1,2019-10-20 00:08:00,27.37
"363",1,2019-10-20 00:38:00,27.272
"364",1,2019-10-20 01:08:00,27.272
"365",1,2019-10-20 01:38:00,27.173
"366",1,2019-10-20 02:08:00,27.075
"367",1,2019-10-20 02:38:00,26.977
"368",1,2019-10-20 03:08:00,26.977
"369",1,2019-10-20 03:38:00,26.879
"370",1,2019-10-20 04:08:00,26.879
"371",1,2019-10-20 04:38:00,26.781
"372",1,2019-10-20 05:08:00,26.781
"373",1,2019-10-20 05:38:00,26.683
"374",1,2019-10-20 06:08:00,26.683
"375",1,2019-10-20 06:38:00,26.683
"376",1,2019-10-20 07:08:00,26.585
"377",1,2019-10-20 07:38:00,26.585
"378",1,2019-10-20 08:08:00,26.488
"379",1,2019-10-20 08:38:00,26.488
"380",1,2019-10-20 09:08:00,26.39
"381",1,2019-10-20 09:38:00,26.488
"382",1,2019-10-20 10:08:00,26.488
"383",1,2019-10-20 10:38:00,26.488
"384",1,2019-10-20 11:08:00,26.585
"385",1,2019-10-20 11:38:00,26.683
"386",1,2019-10-20 12:08:00,26.781
"387",1,2019-10-20 12:38:00,26.977
"388",1,2019-10-20 13:08:00,27.173
"389",1,2019-10-20 13:38:00,27.37
"390",1,2019-10-20 14:08:00,27.665
"391",1,2019-10-20 14:38:00,27.862
"392",1,2019-10-20 15:08:00,28.06
"393",1,2019-10-20 15:38:00,28.159
"394",1,2019-10-20 16:08:00,28.357
"395",1,2019-10-20 16:38:00,28.456
"396",1,2019-10-20 17:08:00,28.456
"397",1,2019-10-20 17:38:00,28.555
"398",1,2019-10-20 18:08:00,28.555
"399",1,2019-10-20 18:38:00,28.555
"400",1,2019-10-20 19:08:00,28.357
"401",1,2019-10-20 19:38:00,28.258
"402",1,2019-10-20 20:08:00,28.06
"403",1,2019-10-20 20:38:00,27.862
"404",1,2019-10-20 21:08:00,27.764
"405",1,2019-10-20 21:38:00,27.567
"406",1,2019-10-20 22:08:00,27.468
"407",1,2019-10-20 22:38:00,27.272
"408",1,2019-10-20 23:08:00,27.173
"409",1,2019-10-20 23:38:00,27.075
"410",1,2019-10-21 00:08:00,26.977
"411",1,2019-10-21 00:38:00,26.879
"412",1,2019-10-21 01:08:00,26.781
"413",1,2019-10-21 01:38:00,26.683
"414",1,2019-10-21 02:08:00,26.683
"415",1,2019-10-21 02:38:00,26.585
"416",1,2019-10-21 03:08:00,26.585
"417",1,2019-10-21 03:38:00,26.488
"418",1,2019-10-21 04:08:00,26.488
"419",1,2019-10-21 04:38:00,26.39
"420",1,2019-10-21 05:08:00,26.292
"421",1,2019-10-21 05:38:00,26.292
"422",1,2019-10-21 06:08:00,26.292
"423",1,2019-10-21 06:38:00,26.195
"424",1,2019-10-21 07:08:00,26.195
"425",1,2019-10-21 07:38:00,26.097
"426",1,2019-10-21 08:08:00,26.097
"427",1,2019-10-21 08:38:00,26.097
"428",1,2019-10-21 09:08:00,26.097
"429",1,2019-10-21 09:38:00,26.097
"430",1,2019-10-21 10:08:00,26.097
"431",1,2019-10-21 10:38:00,26.195
"432",1,2019-10-21 11:08:00,26.292
"433",1,2019-10-21 11:38:00,26.488
"434",1,2019-10-21 12:08:00,26.683
"435",1,2019-10-21 12:38:00,26.879
"436",1,2019-10-21 13:08:00,27.075
"437",1,2019-10-21 13:38:00,27.173
"438",1,2019-10-21 14:08:00,27.37
"439",1,2019-10-21 14:38:00,27.567
"440",1,2019-10-21 15:08:00,27.764
"441",1,2019-10-21 15:38:00,27.961
"442",1,2019-10-21 16:08:00,28.258
"443",1,2019-10-21 16:38:00,28.357
"444",1,2019-10-21 17:08:00,28.555
"445",1,2019-10-21 17:38:00,28.456
"446",1,2019-10-21 18:08:00,28.258
"447",1,2019-10-21 18:38:00,28.159
"448",1,2019-10-21 19:08:00,28.06
"449",1,2019-10-21 19:38:00,27.862
"450",1,2019-10-21 20:08:00,27.764
"451",1,2019-10-21 20:38:00,27.665
"452",1,2019-10-21 21:08:00,27.567
"453",1,2019-10-21 21:38:00,27.468
"454",1,2019-10-21 22:08:00,27.37
"455",1,2019-10-21 22:38:00,27.272
"456",1,2019-10-21 23:08:00,27.173
"457",1,2019-10-21 23:38:00,27.075
"458",1,2019-10-22 00:08:00,26.977
"459",1,2019-10-22 00:38:00,26.879
"460",1,2019-10-22 01:08:00,26.781
"461",1,2019-10-22 01:38:00,26.683
"462",1,2019-10-22 02:08:00,26.585
"463",1,2019-10-22 02:38:00,26.488
"464",1,2019-10-22 03:08:00,26.39
"465",1,2019-10-22 03:38:00,26.39
"466",1,2019-10-22 04:08:00,26.292
"467",1,2019-10-22 04:38:00,26.292
"468",1,2019-10-22 05:08:00,26.195
"469",1,2019-10-22 05:38:00,26.195
"470",1,2019-10-22 06:08:00,26.097
"471",1,2019-10-22 06:38:00,26.097
"472",1,2019-10-22 07:08:00,26
"473",1,2019-10-22 07:38:00,26
"474",1,2019-10-22 08:08:00,25.902
"475",1,2019-10-22 08:38:00,25.902
"476",1,2019-10-22 09:08:00,25.902
"477",1,2019-10-22 09:38:00,25.805
"478",1,2019-10-22 10:08:00,25.902
"479",1,2019-10-22 10:38:00,26
"480",1,2019-10-22 11:08:00,26.097
"481",1,2019-10-22 11:38:00,26.292
"482",1,2019-10-22 12:08:00,26.585
"483",1,2019-10-22 12:38:00,26.781
"484",1,2019-10-22 13:08:00,27.075
"485",1,2019-10-22 13:38:00,27.272
"486",1,2019-10-22 14:08:00,27.567
"487",1,2019-10-22 14:38:00,27.764
"488",1,2019-10-22 15:08:00,28.06
"489",1,2019-10-22 15:38:00,28.258
"490",1,2019-10-22 16:08:00,28.357
"491",1,2019-10-22 16:38:00,28.456
"492",1,2019-10-22 17:08:00,28.555
"493",1,2019-10-22 17:38:00,28.555
"494",1,2019-10-22 18:08:00,28.456
"495",1,2019-10-22 18:38:00,28.456
"496",1,2019-10-22 19:08:00,28.258
"497",1,2019-10-22 19:38:00,28.258
"498",1,2019-10-22 20:08:00,28.06
"499",1,2019-10-22 20:38:00,28.06
"500",1,2019-10-22 21:08:00,27.862
"501",1,2019-10-22 21:38:00,27.764
"502",1,2019-10-22 22:08:00,27.665
"503",1,2019-10-22 22:38:00,27.567
"504",1,2019-10-22 23:08:00,27.468
"505",1,2019-10-22 23:38:00,27.37
"506",1,2019-10-23 00:08:00,27.272
"507",1,2019-10-23 00:38:00,27.173
"508",1,2019-10-23 01:08:00,27.075
"509",1,2019-10-23 01:38:00,26.977
"510",1,2019-10-23 02:08:00,26.879
"511",1,2019-10-23 02:38:00,26.781
"512",1,2019-10-23 03:08:00,26.683
"513",1,2019-10-23 03:38:00,26.683
"514",1,2019-10-23 04:08:00,26.585
"515",1,2019-10-23 04:38:00,26.488
"516",1,2019-10-23 05:08:00,26.488
"517",1,2019-10-23 05:38:00,26.39
"518",1,2019-10-23 06:08:00,26.39
"519",1,2019-10-23 06:38:00,26.292
"520",1,2019-10-23 07:08:00,26.195
"521",1,2019-10-23 07:38:00,26.195
"522",1,2019-10-23 08:08:00,26.097
"523",1,2019-10-23 08:38:00,26.097
"524",1,2019-10-23 09:08:00,26
"525",1,2019-10-23 09:38:00,26
"526",1,2019-10-23 10:08:00,26.097
"527",1,2019-10-23 10:38:00,26.195
"528",1,2019-10-23 11:08:00,26.39
"529",1,2019-10-23 11:38:00,26.488
"530",1,2019-10-23 12:08:00,26.683
"531",1,2019-10-23 12:38:00,26.977
"532",1,2019-10-23 13:08:00,27.173
"533",1,2019-10-23 13:38:00,27.468
"534",1,2019-10-23 14:08:00,27.468
"535",1,2019-10-23 14:38:00,27.764
"536",1,2019-10-23 15:08:00,28.06
"537",1,2019-10-23 15:38:00,28.258
"538",1,2019-10-23 16:08:00,28.456
"539",1,2019-10-23 16:38:00,28.655
"540",1,2019-10-23 17:08:00,28.754
"541",1,2019-10-23 17:38:00,28.754
"542",1,2019-10-23 18:08:00,28.754
"543",1,2019-10-23 18:38:00,28.853
"544",1,2019-10-23 19:08:00,28.754
"545",1,2019-10-23 19:38:00,28.655
"546",1,2019-10-23 20:08:00,28.555
"547",1,2019-10-23 20:38:00,28.357
"548",1,2019-10-23 21:08:00,28.159
"549",1,2019-10-23 21:38:00,27.961
"550",1,2019-10-23 22:08:00,27.862
"551",1,2019-10-23 22:38:00,27.665
"552",1,2019-10-23 23:08:00,27.567
"553",1,2019-10-23 23:38:00,27.468
"554",1,2019-10-24 00:08:00,27.37
"555",1,2019-10-24 00:38:00,27.272
"556",1,2019-10-24 01:08:00,27.075
"557",1,2019-10-24 01:38:00,26.977
"558",1,2019-10-24 02:08:00,26.879
"559",1,2019-10-24 02:38:00,26.781
"560",1,2019-10-24 03:08:00,26.683
"561",1,2019-10-24 03:38:00,26.585
"562",1,2019-10-24 04:08:00,26.488
"563",1,2019-10-24 04:38:00,26.39
"564",1,2019-10-24 05:08:00,26.39
"565",1,2019-10-24 05:38:00,26.292
"566",1,2019-10-24 06:08:00,26.195
"567",1,2019-10-24 06:38:00,26.097
"568",1,2019-10-24 07:08:00,26
"569",1,2019-10-24 07:38:00,25.902
"570",1,2019-10-24 08:08:00,25.902
"571",1,2019-10-24 08:38:00,25.805
"572",1,2019-10-24 09:08:00,25.805
"573",1,2019-10-24 09:38:00,25.805
"574",1,2019-10-24 10:08:00,25.805
"575",1,2019-10-24 10:38:00,26
"576",1,2019-10-24 11:08:00,26.195
"577",1,2019-10-24 11:38:00,26.39
"578",1,2019-10-24 12:08:00,26.488
"579",1,2019-10-24 12:38:00,26.879
"580",1,2019-10-24 13:08:00,27.173
"581",1,2019-10-24 13:38:00,27.468
"582",1,2019-10-24 14:08:00,27.665
"583",1,2019-10-24 14:38:00,27.961
"584",1,2019-10-24 15:08:00,28.159
"585",1,2019-10-24 15:38:00,28.357
"586",1,2019-10-24 16:08:00,28.456
"587",1,2019-10-24 16:38:00,28.555
"588",1,2019-10-24 17:08:00,28.655
"589",1,2019-10-24 17:38:00,28.555
"590",1,2019-10-24 18:08:00,28.555
"591",1,2019-10-24 18:38:00,28.555
"592",1,2019-10-24 19:08:00,28.456
"593",1,2019-10-24 19:38:00,28.357
"594",1,2019-10-24 20:08:00,28.159
"595",1,2019-10-24 20:38:00,27.961
"596",1,2019-10-24 21:08:00,27.862
"597",1,2019-10-24 21:38:00,27.665
"598",1,2019-10-24 22:08:00,27.567
"599",1,2019-10-24 22:38:00,27.468
"600",1,2019-10-24 23:08:00,27.272
"601",1,2019-10-24 23:38:00,27.173
"602",1,2019-10-25 00:08:00,27.075
"603",1,2019-10-25 00:38:00,27.075
"604",1,2019-10-25 01:08:00,26.977
"605",1,2019-10-25 01:38:00,26.879
"606",1,2019-10-25 02:08:00,26.781
"607",1,2019-10-25 02:38:00,26.683
"608",1,2019-10-25 03:08:00,26.585
"609",1,2019-10-25 03:38:00,26.488
"610",1,2019-10-25 04:08:00,26.488
"611",1,2019-10-25 04:38:00,26.39
"612",1,2019-10-25 05:08:00,26.292
"613",1,2019-10-25 05:38:00,26.195
"614",1,2019-10-25 06:08:00,26.097
"615",1,2019-10-25 06:38:00,26
"616",1,2019-10-25 07:08:00,26
"617",1,2019-10-25 07:38:00,25.902
"618",1,2019-10-25 08:08:00,25.805
"619",1,2019-10-25 08:38:00,25.708
"620",1,2019-10-25 09:08:00,25.708
"621",1,2019-10-25 09:38:00,25.708
"622",1,2019-10-25 10:08:00,25.708
"623",1,2019-10-25 10:38:00,25.902
"624",1,2019-10-25 11:08:00,26.097
"625",1,2019-10-25 11:38:00,26.292
"626",1,2019-10-25 12:08:00,26.39
"627",1,2019-10-25 12:38:00,26.683
"628",1,2019-10-25 13:08:00,26.977
"629",1,2019-10-25 13:38:00,27.272
"630",1,2019-10-25 14:08:00,27.567
"631",1,2019-10-25 14:38:00,27.665
"632",1,2019-10-25 15:08:00,27.665
"633",1,2019-10-25 15:38:00,28.06
"634",1,2019-10-25 16:08:00,27.961
"635",1,2019-10-25 16:38:00,27.961
"636",1,2019-10-25 17:08:00,28.159
"637",1,2019-10-25 17:38:00,28.159
"638",1,2019-10-25 18:08:00,28.258
"639",1,2019-10-25 18:38:00,28.159
"640",1,2019-10-25 19:08:00,28.06
"641",1,2019-10-25 19:38:00,27.961
"642",1,2019-10-25 20:08:00,27.862
"643",1,2019-10-25 20:38:00,27.665
"644",1,2019-10-25 21:08:00,27.567
"645",1,2019-10-25 21:38:00,27.468
"646",1,2019-10-25 22:08:00,27.37
"647",1,2019-10-25 22:38:00,27.272
"648",1,2019-10-25 23:08:00,27.173
"649",1,2019-10-25 23:38:00,27.075
"650",1,2019-10-26 00:08:00,26.977
"651",1,2019-10-26 00:38:00,26.879
"652",1,2019-10-26 01:08:00,26.781
"653",1,2019-10-26 01:38:00,26.683
"654",1,2019-10-26 02:08:00,26.683
"655",1,2019-10-26 02:38:00,26.585
"656",1,2019-10-26 03:08:00,26.488
"657",1,2019-10-26 03:38:00,26.488
"658",1,2019-10-26 04:08:00,26.39
"659",1,2019-10-26 04:38:00,26.39
"660",1,2019-10-26 05:08:00,26.292
"661",1,2019-10-26 05:38:00,26.292
"662",1,2019-10-26 06:08:00,26.195
"663",1,2019-10-26 06:38:00,26.097
"664",1,2019-10-26 07:08:00,26.097
"665",1,2019-10-26 07:38:00,26.097
"666",1,2019-10-26 08:08:00,26
"667",1,2019-10-26 08:38:00,25.902
"668",1,2019-10-26 09:08:00,25.902
"669",1,2019-10-26 09:38:00,25.902
"670",1,2019-10-26 10:08:00,26
"671",1,2019-10-26 10:38:00,26.195
"672",1,2019-10-26 11:08:00,26.39
"673",1,2019-10-26 11:38:00,26.585
"674",1,2019-10-26 12:08:00,26.683
"675",1,2019-10-26 12:38:00,26.977
"676",1,2019-10-26 13:08:00,27.272
"677",1,2019-10-26 13:38:00,27.567
"678",1,2019-10-26 14:08:00,27.862
"679",1,2019-10-26 14:38:00,28.06
"680",1,2019-10-26 15:08:00,28.357
"681",1,2019-10-26 15:38:00,28.456
"682",1,2019-10-26 16:08:00,28.655
"683",1,2019-10-26 16:38:00,28.853
"684",1,2019-10-26 17:08:00,28.953
"685",1,2019-10-26 17:38:00,28.853
"686",1,2019-10-26 18:08:00,28.953
"687",1,2019-10-26 18:38:00,28.953
"688",1,2019-10-26 19:08:00,28.953
"689",1,2019-10-26 19:38:00,28.754
"690",1,2019-10-26 20:08:00,28.655
"691",1,2019-10-26 20:38:00,28.456
"692",1,2019-10-26 21:08:00,28.357
"693",1,2019-10-26 21:38:00,28.159
"694",1,2019-10-26 22:08:00,28.06
"695",1,2019-10-26 22:38:00,27.862
"696",1,2019-10-26 23:08:00,27.764
"697",1,2019-10-26 23:38:00,27.665
"698",1,2019-10-27 00:08:00,27.567
"699",1,2019-10-27 00:38:00,27.37
"700",1,2019-10-27 01:08:00,27.272
"701",1,2019-10-27 01:38:00,27.173
"702",1,2019-10-27 02:08:00,27.075
"703",1,2019-10-27 02:38:00,26.977
"704",1,2019-10-27 03:08:00,26.879
"705",1,2019-10-27 03:38:00,26.781
"706",1,2019-10-27 04:08:00,26.683
"707",1,2019-10-27 04:38:00,26.683
"708",1,2019-10-27 05:08:00,26.585
"709",1,2019-10-27 05:38:00,26.488
"710",1,2019-10-27 06:08:00,26.39
"711",1,2019-10-27 06:38:00,26.292
"712",1,2019-10-27 07:08:00,26.292
"713",1,2019-10-27 07:38:00,26.195
"714",1,2019-10-27 08:08:00,26.097
"715",1,2019-10-27 08:38:00,26.097
"716",1,2019-10-27 09:08:00,26
"717",1,2019-10-27 09:38:00,26.097
"718",1,2019-10-27 10:08:00,26.097
"719",1,2019-10-27 10:38:00,26.39
"720",1,2019-10-27 11:08:00,26.585
"721",1,2019-10-27 11:38:00,26.781
"722",1,2019-10-27 12:08:00,21.951
"725",2,2019-10-12 12:01:00,25.416
"727",2,2019-10-12 12:31:00,25.416
"728",2,2019-10-12 13:01:00,25.416
"729",2,2019-10-12 13:31:00,25.61
"730",2,2019-10-12 14:01:00,26.097
"731",2,2019-10-12 14:31:00,26.292
"732",2,2019-10-12 15:01:00,26.585
"733",2,2019-10-12 15:31:00,26.39
"734",2,2019-10-12 16:01:00,26.585
"735",2,2019-10-12 16:31:00,26.683
"736",2,2019-10-12 17:01:00,26.585
"737",2,2019-10-12 17:31:00,26.488
"738",2,2019-10-12 18:01:00,26.488
"739",2,2019-10-12 18:31:00,26.488
"740",2,2019-10-12 19:01:00,26.39
"743",2,2019-10-12 19:31:00,26.195
"744",2,2019-10-12 20:01:00,26.39
"745",2,2019-10-12 20:31:00,26.292
"746",2,2019-10-12 21:01:00,26.195
"747",2,2019-10-12 21:31:00,26.097
"748",2,2019-10-12 22:01:00,26
"749",2,2019-10-12 22:31:00,25.902
"750",2,2019-10-12 23:01:00,25.902
"751",2,2019-10-12 23:31:00,25.805
"752",2,2019-10-13 00:01:00,25.708
"753",2,2019-10-13 00:31:00,25.61
"754",2,2019-10-13 01:01:00,25.513
"755",2,2019-10-13 01:31:00,25.416
"756",2,2019-10-13 02:01:00,25.416
"757",2,2019-10-13 02:31:00,25.319
"758",2,2019-10-13 03:01:00,25.319
"759",2,2019-10-13 03:31:00,25.222
"760",2,2019-10-13 04:01:00,25.222
"761",2,2019-10-13 04:31:00,25.125
"762",2,2019-10-13 05:01:00,25.125
"763",2,2019-10-13 05:31:00,25.028
"764",2,2019-10-13 06:01:00,24.931
"765",2,2019-10-13 06:31:00,24.931
"766",2,2019-10-13 07:01:00,24.931
"767",2,2019-10-13 07:31:00,24.835
"768",2,2019-10-13 08:01:00,24.835
"769",2,2019-10-13 08:31:00,24.738
"770",2,2019-10-13 09:01:00,24.738
"771",2,2019-10-13 09:31:00,24.931
"772",2,2019-10-13 10:01:00,25.222
"773",2,2019-10-13 10:31:00,25.513
"774",2,2019-10-13 11:01:00,25.805
"775",2,2019-10-13 11:31:00,26.195
"776",2,2019-10-13 12:01:00,26.39
"777",2,2019-10-13 12:31:00,26.683
"778",2,2019-10-13 13:01:00,26.977
"779",2,2019-10-13 13:31:00,27.173
"780",2,2019-10-13 14:01:00,27.468
"781",2,2019-10-13 14:31:00,28.159
"782",2,2019-10-13 15:01:00,28.456
"783",2,2019-10-13 15:31:00,28.159
"784",2,2019-10-13 16:01:00,28.258
"785",2,2019-10-13 16:31:00,28.555
"786",2,2019-10-13 17:01:00,28.357
"791",2,2019-10-13 17:31:00,27.961
"792",2,2019-10-13 18:01:00,27.665
"793",2,2019-10-13 18:31:00,27.567
"794",2,2019-10-13 19:01:00,27.37
"795",2,2019-10-13 19:31:00,27.272
"796",2,2019-10-13 20:01:00,27.173
"797",2,2019-10-13 20:31:00,27.075
"798",2,2019-10-13 21:01:00,26.977
"799",2,2019-10-13 21:31:00,26.781
"800",2,2019-10-13 22:01:00,26.683
"801",2,2019-10-13 22:31:00,26.585
"802",2,2019-10-13 23:01:00,26.488
"803",2,2019-10-13 23:31:00,26.39
"804",2,2019-10-14 00:01:00,26.292
"805",2,2019-10-14 00:31:00,26.195
"806",2,2019-10-14 01:01:00,26.097
"807",2,2019-10-14 01:31:00,26
"808",2,2019-10-14 02:01:00,25.902
"809",2,2019-10-14 02:31:00,25.805
"810",2,2019-10-14 03:01:00,25.805
"811",2,2019-10-14 03:31:00,25.708
"812",2,2019-10-14 04:01:00,25.708
"813",2,2019-10-14 04:31:00,25.708
"814",2,2019-10-14 05:01:00,25.61
"815",2,2019-10-14 05:31:00,25.61
"816",2,2019-10-14 06:01:00,25.61
"817",2,2019-10-14 06:31:00,25.513
"818",2,2019-10-14 07:01:00,25.513
"819",2,2019-10-14 07:31:00,25.513
"820",2,2019-10-14 08:01:00,25.513
"821",2,2019-10-14 08:31:00,25.416
"822",2,2019-10-14 09:01:00,25.416
"823",2,2019-10-14 09:31:00,25.513
"824",2,2019-10-14 10:01:00,25.805
"825",2,2019-10-14 10:31:00,26.097
"826",2,2019-10-14 11:01:00,26.195
"827",2,2019-10-14 11:31:00,26.292
"828",2,2019-10-14 12:01:00,26.488
"829",2,2019-10-14 12:31:00,26.683
"830",2,2019-10-14 13:01:00,26.781
"831",2,2019-10-14 13:31:00,26.879
"832",2,2019-10-14 14:01:00,26.977
"833",2,2019-10-14 14:31:00,26.977
"834",2,2019-10-14 15:01:00,27.075
"835",2,2019-10-14 15:31:00,26.977
"836",2,2019-10-14 16:01:00,26.977
"837",2,2019-10-14 16:31:00,26.977
"838",2,2019-10-14 17:01:00,27.075
"839",2,2019-10-14 17:31:00,27.272
"840",2,2019-10-14 18:01:00,27.075
"841",2,2019-10-14 18:31:00,27.272
"842",2,2019-10-14 19:01:00,27.272
"843",2,2019-10-14 19:31:00,27.173
"844",2,2019-10-14 20:01:00,27.075
"845",2,2019-10-14 20:31:00,26.879
"846",2,2019-10-14 21:01:00,26.781
"847",2,2019-10-14 21:31:00,26.683
"848",2,2019-10-14 22:01:00,26.585
"849",2,2019-10-14 22:31:00,26.488
"850",2,2019-10-14 23:01:00,26.488
"851",2,2019-10-14 23:31:00,26.39
"852",2,2019-10-15 00:01:00,26.195
"853",2,2019-10-15 00:31:00,26.097
"854",2,2019-10-15 01:01:00,26
"855",2,2019-10-15 01:31:00,25.902
"856",2,2019-10-15 02:01:00,25.902
"857",2,2019-10-15 02:31:00,25.902
"858",2,2019-10-15 03:01:00,25.805
"859",2,2019-10-15 03:31:00,25.805
"860",2,2019-10-15 04:01:00,25.708
"861",2,2019-10-15 04:31:00,25.708
"862",2,2019-10-15 05:01:00,25.708
"863",2,2019-10-15 05:31:00,25.61
"864",2,2019-10-15 06:01:00,25.61
"865",2,2019-10-15 06:31:00,25.61
"866",2,2019-10-15 07:01:00,25.513
"867",2,2019-10-15 07:31:00,25.513
"868",2,2019-10-15 08:01:00,25.513
"869",2,2019-10-15 08:31:00,25.513
"870",2,2019-10-15 09:01:00,25.513
"871",2,2019-10-15 09:31:00,25.61
"872",2,2019-10-15 10:01:00,25.902
"873",2,2019-10-15 10:31:00,26.195
"874",2,2019-10-15 11:01:00,26.488
"875",2,2019-10-15 11:31:00,26.683
"876",2,2019-10-15 12:01:00,26.977
"877",2,2019-10-15 12:31:00,27.272
"878",2,2019-10-15 13:01:00,27.468
"879",2,2019-10-15 13:31:00,27.862
"880",2,2019-10-15 14:01:00,27.961
"881",2,2019-10-15 14:31:00,28.159
"882",2,2019-10-15 15:01:00,28.159
"883",2,2019-10-15 15:31:00,28.258
"884",2,2019-10-15 16:01:00,28.456
"885",2,2019-10-15 16:31:00,28.555
"886",2,2019-10-15 17:01:00,28.456
"887",2,2019-10-15 17:31:00,28.754
"888",2,2019-10-15 18:01:00,28.655
"889",2,2019-10-15 18:31:00,28.754
"890",2,2019-10-15 19:01:00,28.456
"891",2,2019-10-15 19:31:00,28.357
"892",2,2019-10-15 20:01:00,28.159
"893",2,2019-10-15 20:31:00,27.961
"894",2,2019-10-15 21:01:00,27.862
"895",2,2019-10-15 21:31:00,27.665
"896",2,2019-10-15 22:01:00,27.567
"897",2,2019-10-15 22:31:00,27.37
"898",2,2019-10-15 23:01:00,27.272
"899",2,2019-10-15 23:31:00,27.173
"900",2,2019-10-16 00:01:00,27.075
"901",2,2019-10-16 00:31:00,26.977
"902",2,2019-10-16 01:01:00,26.879
"903",2,2019-10-16 01:31:00,26.781
"904",2,2019-10-16 02:01:00,26.781
"905",2,2019-10-16 02:31:00,26.683
"906",2,2019-10-16 03:01:00,26.585
"907",2,2019-10-16 03:31:00,26.585
"908",2,2019-10-16 04:01:00,26.488
"909",2,2019-10-16 04:31:00,26.39
"910",2,2019-10-16 05:01:00,26.39
"911",2,2019-10-16 05:31:00,26.292
"912",2,2019-10-16 06:01:00,26.292
"913",2,2019-10-16 06:31:00,26.195
"914",2,2019-10-16 07:01:00,26.195
"915",2,2019-10-16 07:31:00,26.195
"916",2,2019-10-16 08:01:00,26.097
"917",2,2019-10-16 08:31:00,26.097
"918",2,2019-10-16 09:01:00,26.097
"919",2,2019-10-16 09:31:00,26.195
"920",2,2019-10-16 10:01:00,26.488
"921",2,2019-10-16 10:31:00,26.683
"922",2,2019-10-16 11:01:00,26.879
"923",2,2019-10-16 11:31:00,27.272
"924",2,2019-10-16 12:01:00,27.468
"925",2,2019-10-16 12:31:00,27.665
"926",2,2019-10-16 13:01:00,27.862
"927",2,2019-10-16 13:31:00,28.258
"928",2,2019-10-16 14:01:00,28.456
"929",2,2019-10-16 14:31:00,28.655
"930",2,2019-10-16 15:01:00,28.754
"931",2,2019-10-16 15:31:00,28.555
"932",2,2019-10-16 16:01:00,28.357
"933",2,2019-10-16 16:31:00,28.258
"934",2,2019-10-16 17:01:00,27.961
"935",2,2019-10-16 17:31:00,27.862
"936",2,2019-10-16 18:01:00,27.665
"937",2,2019-10-16 18:31:00,27.567
"938",2,2019-10-16 19:01:00,27.665
"939",2,2019-10-16 19:31:00,27.567
"940",2,2019-10-16 20:01:00,27.567
"941",2,2019-10-16 20:31:00,27.468
"942",2,2019-10-16 21:01:00,27.37
"943",2,2019-10-16 21:31:00,27.272
"944",2,2019-10-16 22:01:00,27.173
"945",2,2019-10-16 22:31:00,27.075
"946",2,2019-10-16 23:01:00,26.977
"947",2,2019-10-16 23:31:00,26.977
"948",2,2019-10-17 00:01:00,26.879
"949",2,2019-10-17 00:31:00,26.781
"950",2,2019-10-17 01:01:00,26.781
"951",2,2019-10-17 01:31:00,26.683
"952",2,2019-10-17 02:01:00,26.585
"953",2,2019-10-17 02:31:00,26.585
"954",2,2019-10-17 03:01:00,26.488
"955",2,2019-10-17 03:31:00,26.488
"956",2,2019-10-17 04:01:00,26.488
"957",2,2019-10-17 04:31:00,26.39
"958",2,2019-10-17 05:01:00,26.39
"959",2,2019-10-17 05:31:00,26.39
"960",2,2019-10-17 06:01:00,26.39
"961",2,2019-10-17 06:31:00,26.39
"962",2,2019-10-17 07:01:00,26.39
"963",2,2019-10-17 07:31:00,26.39
"964",2,2019-10-17 08:01:00,26.292
"965",2,2019-10-17 08:31:00,26.292
"966",2,2019-10-17 09:01:00,26.292
"967",2,2019-10-17 09:31:00,26.39
"968",2,2019-10-17 10:01:00,26.585
"969",2,2019-10-17 10:31:00,26.879
"970",2,2019-10-17 11:01:00,27.173
"971",2,2019-10-17 11:31:00,27.37
"972",2,2019-10-17 12:01:00,27.468
"973",2,2019-10-17 12:31:00,27.764
"974",2,2019-10-17 13:01:00,28.159
"975",2,2019-10-17 13:31:00,28.357
"976",2,2019-10-17 14:01:00,28.655
"977",2,2019-10-17 14:31:00,28.555
"978",2,2019-10-17 15:01:00,28.754
"979",2,2019-10-17 15:31:00,28.853
"980",2,2019-10-17 16:01:00,28.853
"981",2,2019-10-17 16:31:00,28.754
"982",2,2019-10-17 17:01:00,28.555
"983",2,2019-10-17 17:31:00,28.555
"984",2,2019-10-17 18:01:00,28.555
"985",2,2019-10-17 18:31:00,28.456
"986",2,2019-10-17 19:01:00,28.456
"987",2,2019-10-17 19:31:00,28.357
"988",2,2019-10-17 20:01:00,28.258
"989",2,2019-10-17 20:31:00,28.06
"990",2,2019-10-17 21:01:00,27.961
"991",2,2019-10-17 21:31:00,27.862
"992",2,2019-10-17 22:01:00,27.665
"993",2,2019-10-17 22:31:00,27.567
"994",2,2019-10-17 23:01:00,27.468
"995",2,2019-10-17 23:31:00,27.37
"996",2,2019-10-18 00:01:00,27.272
"997",2,2019-10-18 00:31:00,27.173
"998",2,2019-10-18 01:01:00,27.075
"999",2,2019-10-18 01:31:00,26.977
"1000",2,2019-10-18 02:01:00,26.977
"1001",2,2019-10-18 02:31:00,26.879
"1002",2,2019-10-18 03:01:00,26.879
"1003",2,2019-10-18 03:31:00,26.879
"1004",2,2019-10-18 04:01:00,26.781
"1005",2,2019-10-18 04:31:00,26.781
"1006",2,2019-10-18 05:01:00,26.683
"1007",2,2019-10-18 05:31:00,26.683
"1008",2,2019-10-18 06:01:00,26.683
"1009",2,2019-10-18 06:31:00,26.585
"1010",2,2019-10-18 07:01:00,26.585
"1011",2,2019-10-18 07:31:00,26.488
"1012",2,2019-10-18 08:01:00,26.488
"1013",2,2019-10-18 08:31:00,26.39
"1014",2,2019-10-18 09:01:00,26.39
"1015",2,2019-10-18 09:31:00,26.488
"1016",2,2019-10-18 10:01:00,26.683
"1017",2,2019-10-18 10:31:00,26.879
"1018",2,2019-10-18 11:01:00,27.173
"1019",2,2019-10-18 11:31:00,27.468
"1020",2,2019-10-18 12:01:00,27.665
"1021",2,2019-10-18 12:31:00,27.862
"1022",2,2019-10-18 13:01:00,28.258
"1023",2,2019-10-18 13:31:00,28.456
"1024",2,2019-10-18 14:01:00,28.555
"1025",2,2019-10-18 14:31:00,28.754
"1026",2,2019-10-18 15:01:00,28.953
"1027",2,2019-10-18 15:31:00,29.053
"1028",2,2019-10-18 16:01:00,29.152
"1029",2,2019-10-18 16:31:00,29.053
"1030",2,2019-10-18 17:01:00,29.152
"1031",2,2019-10-18 17:31:00,29.152
"1032",2,2019-10-18 18:01:00,29.053
"1033",2,2019-10-18 18:31:00,28.953
"1034",2,2019-10-18 19:01:00,28.853
"1035",2,2019-10-18 19:31:00,28.655
"1036",2,2019-10-18 20:01:00,28.555
"1037",2,2019-10-18 20:31:00,28.357
"1038",2,2019-10-18 21:01:00,28.258
"1039",2,2019-10-18 21:31:00,28.06
"1040",2,2019-10-18 22:01:00,27.961
"1041",2,2019-10-18 22:31:00,27.764
"1042",2,2019-10-18 23:01:00,27.665
"1043",2,2019-10-18 23:31:00,27.567
"1044",2,2019-10-19 00:01:00,27.468
"1045",2,2019-10-19 00:31:00,27.37
"1046",2,2019-10-19 01:01:00,27.272
"1047",2,2019-10-19 01:31:00,27.173
"1048",2,2019-10-19 02:01:00,27.075
"1049",2,2019-10-19 02:31:00,26.977
"1050",2,2019-10-19 03:01:00,26.977
"1051",2,2019-10-19 03:31:00,26.879
"1052",2,2019-10-19 04:01:00,26.879
"1053",2,2019-10-19 04:31:00,26.879
"1054",2,2019-10-19 05:01:00,26.781
"1055",2,2019-10-19 05:31:00,26.781
"1056",2,2019-10-19 06:01:00,26.781
"1057",2,2019-10-19 06:31:00,26.683
"1058",2,2019-10-19 07:01:00,26.683
"1059",2,2019-10-19 07:31:00,26.683
"1060",2,2019-10-19 08:01:00,26.585
"1061",2,2019-10-19 08:31:00,26.585
"1062",2,2019-10-19 09:01:00,26.585
"1063",2,2019-10-19 09:31:00,26.585
"1064",2,2019-10-19 10:01:00,26.879
"1065",2,2019-10-19 10:31:00,27.173
"1066",2,2019-10-19 11:01:00,27.567
"1067",2,2019-10-19 11:31:00,27.764
"1068",2,2019-10-19 12:01:00,27.961
"1069",2,2019-10-19 12:31:00,28.159
"1070",2,2019-10-19 13:01:00,28.456
"1071",2,2019-10-19 13:31:00,28.754
"1072",2,2019-10-19 14:01:00,28.953
"1073",2,2019-10-19 14:31:00,29.252
"1074",2,2019-10-19 15:01:00,29.053
"1075",2,2019-10-19 15:31:00,29.252
"1076",2,2019-10-19 16:01:00,29.053
"1077",2,2019-10-19 16:31:00,28.754
"1078",2,2019-10-19 17:01:00,28.754
"1079",2,2019-10-19 17:31:00,28.754
"1080",2,2019-10-19 18:01:00,28.754
"1081",2,2019-10-19 18:31:00,28.754
"1082",2,2019-10-19 19:01:00,28.555
"1083",2,2019-10-19 19:31:00,28.456
"1084",2,2019-10-19 20:01:00,28.258
"1085",2,2019-10-19 20:31:00,28.159
"1086",2,2019-10-19 21:01:00,27.961
"1087",2,2019-10-19 21:31:00,27.862
"1088",2,2019-10-19 22:01:00,27.764
"1089",2,2019-10-19 22:31:00,27.665
"1090",2,2019-10-19 23:01:00,27.567
"1091",2,2019-10-19 23:31:00,27.567
"1092",2,2019-10-20 00:01:00,27.468
"1093",2,2019-10-20 00:31:00,27.37
"1094",2,2019-10-20 01:01:00,27.272
"1095",2,2019-10-20 01:31:00,27.173
"1096",2,2019-10-20 02:01:00,27.075
"1097",2,2019-10-20 02:31:00,27.075
"1098",2,2019-10-20 03:01:00,26.977
"1099",2,2019-10-20 03:31:00,26.879
"1100",2,2019-10-20 04:01:00,26.879
"1101",2,2019-10-20 04:31:00,26.879
"1102",2,2019-10-20 05:01:00,26.879
"1103",2,2019-10-20 05:31:00,26.879
"1104",2,2019-10-20 06:01:00,26.879
"1105",2,2019-10-20 06:31:00,26.781
"1106",2,2019-10-20 07:01:00,26.781
"1107",2,2019-10-20 07:31:00,26.781
"1108",2,2019-10-20 08:01:00,26.683
"1109",2,2019-10-20 08:31:00,26.683
"1110",2,2019-10-20 09:01:00,26.683
"1111",2,2019-10-20 09:31:00,26.683
"1112",2,2019-10-20 10:01:00,26.879
"1113",2,2019-10-20 10:31:00,27.075
"1114",2,2019-10-20 11:01:00,27.075
"1115",2,2019-10-20 11:31:00,27.173
"1116",2,2019-10-20 12:01:00,27.272
"1117",2,2019-10-20 12:31:00,27.468
"1118",2,2019-10-20 13:01:00,27.665
"1119",2,2019-10-20 13:31:00,27.862
"1120",2,2019-10-20 14:01:00,28.06
"1121",2,2019-10-20 14:31:00,28.258
"1122",2,2019-10-20 15:01:00,28.456
"1123",2,2019-10-20 15:31:00,28.555
"1124",2,2019-10-20 16:01:00,28.655
"1125",2,2019-10-20 16:31:00,28.655
"1126",2,2019-10-20 17:01:00,28.655
"1127",2,2019-10-20 17:31:00,28.754
"1128",2,2019-10-20 18:01:00,28.754
"1129",2,2019-10-20 18:31:00,28.655
"1130",2,2019-10-20 19:01:00,28.456
"1131",2,2019-10-20 19:31:00,28.258
"1132",2,2019-10-20 20:01:00,28.06
"1133",2,2019-10-20 20:31:00,27.862
"1134",2,2019-10-20 21:01:00,27.764
"1135",2,2019-10-20 21:31:00,27.567
"1136",2,2019-10-20 22:01:00,27.468
"1137",2,2019-10-20 22:31:00,27.272
"1138",2,2019-10-20 23:01:00,27.272
"1139",2,2019-10-20 23:31:00,27.075
"1140",2,2019-10-21 00:01:00,26.977
"1141",2,2019-10-21 00:31:00,26.879
"1142",2,2019-10-21 01:01:00,26.781
"1143",2,2019-10-21 01:31:00,26.683
"1144",2,2019-10-21 02:01:00,26.683
"1145",2,2019-10-21 02:31:00,26.683
"1146",2,2019-10-21 03:01:00,26.585
"1147",2,2019-10-21 03:31:00,26.585
"1148",2,2019-10-21 04:01:00,26.585
"1149",2,2019-10-21 04:31:00,26.488
"1150",2,2019-10-21 05:01:00,26.488
"1151",2,2019-10-21 05:31:00,26.488
"1152",2,2019-10-21 06:01:00,26.488
"1153",2,2019-10-21 06:31:00,26.488
"1154",2,2019-10-21 07:01:00,26.488
"1155",2,2019-10-21 07:31:00,26.39
"1156",2,2019-10-21 08:01:00,26.39
"1157",2,2019-10-21 08:31:00,26.39
"1158",2,2019-10-21 09:01:00,26.488
"1159",2,2019-10-21 09:31:00,26.39
"1160",2,2019-10-21 10:01:00,26.488
"1161",2,2019-10-21 10:31:00,26.585
"1162",2,2019-10-21 11:01:00,26.683
"1163",2,2019-10-21 11:31:00,27.075
"1164",2,2019-10-21 12:01:00,27.37
"1165",2,2019-10-21 12:31:00,27.567
"1166",2,2019-10-21 13:01:00,27.665
"1167",2,2019-10-21 13:31:00,27.862
"1168",2,2019-10-21 14:01:00,28.06
"1169",2,2019-10-21 14:31:00,28.258
"1170",2,2019-10-21 15:01:00,28.357
"1171",2,2019-10-21 15:31:00,28.456
"1172",2,2019-10-21 16:01:00,28.655
"1173",2,2019-10-21 16:31:00,28.754
"1174",2,2019-10-21 17:01:00,28.853
"1175",2,2019-10-21 17:31:00,28.655
"1176",2,2019-10-21 18:01:00,28.456
"1177",2,2019-10-21 18:31:00,28.258
"1178",2,2019-10-21 19:01:00,28.159
"1179",2,2019-10-21 19:31:00,28.06
"1180",2,2019-10-21 20:01:00,27.862
"1181",2,2019-10-21 20:31:00,27.764
"1182",2,2019-10-21 21:01:00,27.665
"1183",2,2019-10-21 21:31:00,27.567
"1184",2,2019-10-21 22:01:00,27.468
"1185",2,2019-10-21 22:31:00,27.37
"1186",2,2019-10-21 23:01:00,27.272
"1187",2,2019-10-21 23:31:00,27.173
"1188",2,2019-10-22 00:01:00,27.075
"1189",2,2019-10-22 00:31:00,26.977
"1190",2,2019-10-22 01:01:00,26.879
"1191",2,2019-10-22 01:31:00,26.781
"1192",2,2019-10-22 02:01:00,26.683
"1193",2,2019-10-22 02:31:00,26.585
"1194",2,2019-10-22 03:01:00,26.585
"1195",2,2019-10-22 03:31:00,26.488
"1196",2,2019-10-22 04:01:00,26.488
"1197",2,2019-10-22 04:31:00,26.39
"1198",2,2019-10-22 05:01:00,26.292
"1199",2,2019-10-22 05:31:00,26.292
"1200",2,2019-10-22 06:01:00,26.292
"1201",2,2019-10-22 06:31:00,26.195
"1202",2,2019-10-22 07:01:00,26.195
"1203",2,2019-10-22 07:31:00,26.097
"1204",2,2019-10-22 08:01:00,26.097
"1205",2,2019-10-22 08:31:00,26
"1206",2,2019-10-22 09:01:00,26
"1207",2,2019-10-22 09:31:00,26
"1208",2,2019-10-22 10:01:00,26.195
"1209",2,2019-10-22 10:31:00,26.488
"1210",2,2019-10-22 11:01:00,26.683
"1211",2,2019-10-22 11:31:00,26.977
"1212",2,2019-10-22 12:01:00,27.468
"1213",2,2019-10-22 12:31:00,27.665
"1214",2,2019-10-22 13:01:00,27.961
"1215",2,2019-10-22 13:31:00,28.258
"1216",2,2019-10-22 14:01:00,28.456
"1217",2,2019-10-22 14:31:00,28.754
"1218",2,2019-10-22 15:01:00,28.853
"1219",2,2019-10-22 15:31:00,28.953
"1220",2,2019-10-22 16:01:00,29.152
"1221",2,2019-10-22 16:31:00,28.953
"1222",2,2019-10-22 17:01:00,29.152
"1223",2,2019-10-22 17:31:00,28.853
"1224",2,2019-10-22 18:01:00,28.853
"1225",2,2019-10-22 18:31:00,28.754
"1226",2,2019-10-22 19:01:00,28.555
"1227",2,2019-10-22 19:31:00,28.456
"1228",2,2019-10-22 20:01:00,28.357
"1229",2,2019-10-22 20:31:00,28.258
"1230",2,2019-10-22 21:01:00,28.159
"1231",2,2019-10-22 21:31:00,27.961
"1232",2,2019-10-22 22:01:00,27.862
"1233",2,2019-10-22 22:31:00,27.764
"1234",2,2019-10-22 23:01:00,27.665
"1235",2,2019-10-22 23:31:00,27.567
"1236",2,2019-10-23 00:01:00,27.468
"1237",2,2019-10-23 00:31:00,27.37
"1238",2,2019-10-23 01:01:00,27.272
"1239",2,2019-10-23 01:31:00,27.075
"1240",2,2019-10-23 02:01:00,26.977
"1241",2,2019-10-23 02:31:00,26.879
"1242",2,2019-10-23 03:01:00,26.879
"1243",2,2019-10-23 03:31:00,26.781
"1244",2,2019-10-23 04:01:00,26.683
"1245",2,2019-10-23 04:31:00,26.585
"1246",2,2019-10-23 05:01:00,26.585
"1247",2,2019-10-23 05:31:00,26.488
"1248",2,2019-10-23 06:01:00,26.488
"1249",2,2019-10-23 06:31:00,26.39
"1250",2,2019-10-23 07:01:00,26.292
"1251",2,2019-10-23 07:31:00,26.292
"1252",2,2019-10-23 08:01:00,26.195
"1253",2,2019-10-23 08:31:00,26.195
"1254",2,2019-10-23 09:01:00,26.195
"1255",2,2019-10-23 09:31:00,26.195
"1256",2,2019-10-23 10:01:00,26.39
"1257",2,2019-10-23 10:31:00,26.683
"1258",2,2019-10-23 11:01:00,27.075
"1259",2,2019-10-23 11:31:00,27.272
"1260",2,2019-10-23 12:01:00,27.764
"1261",2,2019-10-23 12:31:00,27.961
"1262",2,2019-10-23 13:01:00,28.258
"1263",2,2019-10-23 13:31:00,28.555
"1264",2,2019-10-23 14:01:00,28.258
"1265",2,2019-10-23 14:31:00,28.754
"1266",2,2019-10-23 15:01:00,28.953
"1267",2,2019-10-23 15:31:00,28.953
"1268",2,2019-10-23 16:01:00,29.053
"1269",2,2019-10-23 16:31:00,29.053
"1270",2,2019-10-23 17:01:00,29.152
"1271",2,2019-10-23 17:31:00,29.152
"1272",2,2019-10-23 18:01:00,29.152
"1273",2,2019-10-23 18:31:00,29.053
"1274",2,2019-10-23 19:01:00,28.953
"1275",2,2019-10-23 19:31:00,28.754
"1276",2,2019-10-23 20:01:00,28.655
"1277",2,2019-10-23 20:31:00,28.456
"1278",2,2019-10-23 21:01:00,28.258
"1279",2,2019-10-23 21:31:00,28.06
"1280",2,2019-10-23 22:01:00,27.862
"1281",2,2019-10-23 22:31:00,27.764
"1282",2,2019-10-23 23:01:00,27.665
"1283",2,2019-10-23 23:31:00,27.468
"1284",2,2019-10-24 00:01:00,27.37
"1285",2,2019-10-24 00:31:00,27.272
"1286",2,2019-10-24 01:01:00,27.173
"1287",2,2019-10-24 01:31:00,26.977
"1288",2,2019-10-24 02:01:00,26.879
"1289",2,2019-10-24 02:31:00,26.781
"1290",2,2019-10-24 03:01:00,26.683
"1291",2,2019-10-24 03:31:00,26.585
"1292",2,2019-10-24 04:01:00,26.585
"1293",2,2019-10-24 04:31:00,26.488
"1294",2,2019-10-24 05:01:00,26.39
"1295",2,2019-10-24 05:31:00,26.292
"1296",2,2019-10-24 06:01:00,26.292
"1297",2,2019-10-24 06:31:00,26.195
"1298",2,2019-10-24 07:01:00,26.097
"1299",2,2019-10-24 07:31:00,26.097
"1300",2,2019-10-24 08:01:00,26
"1301",2,2019-10-24 08:31:00,25.902
"1302",2,2019-10-24 09:01:00,25.902
"1303",2,2019-10-24 09:31:00,25.902
"1304",2,2019-10-24 10:01:00,26.097
"1305",2,2019-10-24 10:31:00,26.39
"1306",2,2019-10-24 11:01:00,26.683
"1307",2,2019-10-24 11:31:00,26.977
"1308",2,2019-10-24 12:01:00,27.665
"1309",2,2019-10-24 12:31:00,27.961
"1310",2,2019-10-24 13:01:00,28.357
"1311",2,2019-10-24 13:31:00,28.754
"1312",2,2019-10-24 14:01:00,28.953
"1313",2,2019-10-24 14:31:00,29.152
"1314",2,2019-10-24 15:01:00,29.352
"1315",2,2019-10-24 15:31:00,29.252
"1316",2,2019-10-24 16:01:00,29.352
"1317",2,2019-10-24 16:31:00,29.252
"1318",2,2019-10-24 17:01:00,29.352
"1319",2,2019-10-24 17:31:00,29.452
"1320",2,2019-10-24 18:01:00,29.053
"1321",2,2019-10-24 18:31:00,28.853
"1322",2,2019-10-24 19:01:00,28.754
"1323",2,2019-10-24 19:31:00,28.555
"1324",2,2019-10-24 20:01:00,28.456
"1325",2,2019-10-24 20:31:00,28.258
"1326",2,2019-10-24 21:01:00,28.06
"1327",2,2019-10-24 21:31:00,27.862
"1328",2,2019-10-24 22:01:00,27.764
"1329",2,2019-10-24 22:31:00,27.567
"1330",2,2019-10-24 23:01:00,27.468
"1331",2,2019-10-24 23:31:00,27.272
"1332",2,2019-10-25 00:01:00,27.173
"1333",2,2019-10-25 00:31:00,27.173
"1334",2,2019-10-25 01:01:00,27.075
"1335",2,2019-10-25 01:31:00,26.977
"1336",2,2019-10-25 02:01:00,26.879
"1337",2,2019-10-25 02:31:00,26.781
"1338",2,2019-10-25 03:01:00,26.683
"1339",2,2019-10-25 03:31:00,26.585
"1340",2,2019-10-25 04:01:00,26.488
"1341",2,2019-10-25 04:31:00,26.488
"1342",2,2019-10-25 05:01:00,26.292
"1343",2,2019-10-25 05:31:00,26.195
"1344",2,2019-10-25 06:01:00,26.195
"1345",2,2019-10-25 06:31:00,26.097
"1346",2,2019-10-25 07:01:00,26
"1347",2,2019-10-25 07:31:00,26
"1348",2,2019-10-25 08:01:00,25.902
"1349",2,2019-10-25 08:31:00,25.805
"1350",2,2019-10-25 09:01:00,25.708
"1351",2,2019-10-25 09:31:00,25.805
"1352",2,2019-10-25 10:01:00,26
"1353",2,2019-10-25 10:31:00,26.292
"1354",2,2019-10-25 11:01:00,26.585
"1355",2,2019-10-25 11:31:00,26.781
"1356",2,2019-10-25 12:01:00,27.567
"1357",2,2019-10-25 12:31:00,27.862
"1358",2,2019-10-25 13:01:00,28.159
"1359",2,2019-10-25 13:31:00,28.555
"1360",2,2019-10-25 14:01:00,28.853
"1361",2,2019-10-25 14:31:00,28.357
"1362",2,2019-10-25 15:01:00,28.655
"1363",2,2019-10-25 15:31:00,29.252
"1364",2,2019-10-25 16:01:00,28.555
"1365",2,2019-10-25 16:31:00,28.555
"1366",2,2019-10-25 17:01:00,29.252
"1367",2,2019-10-25 17:31:00,28.853
"1368",2,2019-10-25 18:01:00,28.853
"1369",2,2019-10-25 18:31:00,28.655
"1370",2,2019-10-25 19:01:00,28.456
"1371",2,2019-10-25 19:31:00,28.258
"1372",2,2019-10-25 20:01:00,28.159
"1373",2,2019-10-25 20:31:00,27.961
"1374",2,2019-10-25 21:01:00,27.764
"1375",2,2019-10-25 21:31:00,27.567
"1376",2,2019-10-25 22:01:00,27.468
"1377",2,2019-10-25 22:31:00,27.468
"1378",2,2019-10-25 23:01:00,27.272
"1379",2,2019-10-25 23:31:00,27.173
"1380",2,2019-10-26 00:01:00,27.173
"1381",2,2019-10-26 00:31:00,26.977
"1382",2,2019-10-26 01:01:00,26.879
"1383",2,2019-10-26 01:31:00,26.781
"1384",2,2019-10-26 02:01:00,26.683
"1385",2,2019-10-26 02:31:00,26.683
"1386",2,2019-10-26 03:01:00,26.585
"1387",2,2019-10-26 03:31:00,26.585
"1388",2,2019-10-26 04:01:00,26.488
"1389",2,2019-10-26 04:31:00,26.39
"1390",2,2019-10-26 05:01:00,26.39
"1391",2,2019-10-26 05:31:00,26.292
"1392",2,2019-10-26 06:01:00,26.292
"1393",2,2019-10-26 06:31:00,26.195
"1394",2,2019-10-26 07:01:00,26.195
"1395",2,2019-10-26 07:31:00,26.097
"1396",2,2019-10-26 08:01:00,26.097
"1397",2,2019-10-26 08:31:00,26
"1398",2,2019-10-26 09:01:00,26
"1399",2,2019-10-26 09:31:00,26.097
"1400",2,2019-10-26 10:01:00,26.292
"1401",2,2019-10-26 10:31:00,26.488
"1402",2,2019-10-26 11:01:00,26.781
"1403",2,2019-10-26 11:31:00,27.272
"1404",2,2019-10-26 12:01:00,27.862
"1405",2,2019-10-26 12:31:00,28.258
"1406",2,2019-10-26 13:01:00,28.06
"1407",2,2019-10-26 13:31:00,28.953
"1408",2,2019-10-26 14:01:00,29.252
"1409",2,2019-10-26 14:31:00,29.452
"1410",2,2019-10-26 15:01:00,29.552
"1411",2,2019-10-26 15:31:00,29.552
"1412",2,2019-10-26 16:01:00,29.652
"1413",2,2019-10-26 16:31:00,29.752
"1414",2,2019-10-26 17:01:00,30.054
"1415",2,2019-10-26 17:31:00,29.652
"1416",2,2019-10-26 18:01:00,29.552
"1417",2,2019-10-26 18:31:00,29.252
"1418",2,2019-10-26 19:01:00,29.252
"1419",2,2019-10-26 19:31:00,29.053
"1420",2,2019-10-26 20:01:00,28.853
"1421",2,2019-10-26 20:31:00,28.655
"1422",2,2019-10-26 21:01:00,28.456
"1423",2,2019-10-26 21:31:00,28.357
"1424",2,2019-10-26 22:01:00,28.159
"1425",2,2019-10-26 22:31:00,27.961
"1426",2,2019-10-26 23:01:00,27.862
"1427",2,2019-10-26 23:31:00,27.764
"1428",2,2019-10-27 00:01:00,27.567
"1429",2,2019-10-27 00:31:00,27.468
"1430",2,2019-10-27 01:01:00,27.272
"1431",2,2019-10-27 01:31:00,27.173
"1432",2,2019-10-27 02:01:00,27.075
"1433",2,2019-10-27 02:31:00,26.977
"1434",2,2019-10-27 03:01:00,26.879
"1435",2,2019-10-27 03:31:00,26.781
"1436",2,2019-10-27 04:01:00,26.683
"1437",2,2019-10-27 04:31:00,26.585
"1438",2,2019-10-27 05:01:00,26.585
"1439",2,2019-10-27 05:31:00,26.488
"1440",2,2019-10-27 06:01:00,26.39
"1441",2,2019-10-27 06:31:00,26.292
"1442",2,2019-10-27 07:01:00,26.292
"1443",2,2019-10-27 07:31:00,26.195
"1444",2,2019-10-27 08:01:00,26.097
"1445",2,2019-10-27 08:31:00,26.097
"1446",2,2019-10-27 09:01:00,26
"1447",2,2019-10-27 09:31:00,26.195
"1448",2,2019-10-27 10:01:00,26.39
"1449",2,2019-10-27 10:31:00,26.683
"1450",2,2019-10-27 11:01:00,26.977
"1451",2,2019-10-27 11:31:00,27.37
"1452",2,2019-10-27 12:01:00,27.665
